-- phpMyAdmin SQL Dump
-- version 4.1.14
-- http://www.phpmyadmin.net
--
-- Host: 127.0.0.1
-- Generation Time: Dec 28, 2015 at 11:29 AM
-- Server version: 5.6.17
-- PHP Version: 5.5.12

SET SQL_MODE = "NO_AUTO_VALUE_ON_ZERO";
SET time_zone = "+00:00";


/*!40101 SET @OLD_CHARACTER_SET_CLIENT=@@CHARACTER_SET_CLIENT */;
/*!40101 SET @OLD_CHARACTER_SET_RESULTS=@@CHARACTER_SET_RESULTS */;
/*!40101 SET @OLD_COLLATION_CONNECTION=@@COLLATION_CONNECTION */;
/*!40101 SET NAMES utf8 */;

--
-- Database: `result`
--

-- --------------------------------------------------------

--
-- Table structure for table `rs_admin`
--

CREATE TABLE IF NOT EXISTS `rs_admin` (
  `Admin_Id` int(11) NOT NULL AUTO_INCREMENT,
  `Username` varchar(255) NOT NULL,
  `Password` varchar(255) NOT NULL,
  `Full_Name` varchar(255) NOT NULL,
  `Designation` varchar(255) NOT NULL,
  `Email` varchar(255) NOT NULL,
  `Start_Date` datetime NOT NULL,
  `End_Date` datetime NOT NULL,
  `Faculty_Created` int(11) NOT NULL,
  `Faculty_Removed` int(11) NOT NULL,
  `Flag` int(11) NOT NULL,
  PRIMARY KEY (`Admin_Id`)
) ENGINE=InnoDB  DEFAULT CHARSET=latin1 AUTO_INCREMENT=14 ;

--
-- Dumping data for table `rs_admin`
--

INSERT INTO `rs_admin` (`Admin_Id`, `Username`, `Password`, `Full_Name`, `Designation`, `Email`, `Start_Date`, `End_Date`, `Faculty_Created`, `Faculty_Removed`, `Flag`) VALUES
(13, 'initadmin', '$2y$10$We51aFVL1vzZznonMotLzOEnyxCTE.I2mD3HbqL8hnQ1kIMClS7B.', 'q', '', 'qq@q', '0000-00-00 00:00:00', '0000-00-00 00:00:00', 0, 0, 1);

-- --------------------------------------------------------

--
-- Table structure for table `rs_excel_details`
--

CREATE TABLE IF NOT EXISTS `rs_excel_details` (
  `Sheet_Id` int(11) NOT NULL AUTO_INCREMENT,
  `Faculty_Id` int(11) NOT NULL,
  `School` varchar(10) NOT NULL,
  `Semester` varchar(5) NOT NULL,
  `Department` varchar(100) NOT NULL,
  `Course_Code` varchar(50) NOT NULL,
  `Published` int(11) NOT NULL DEFAULT '0',
  `Timestamp` datetime NOT NULL DEFAULT CURRENT_TIMESTAMP,
  PRIMARY KEY (`Sheet_Id`)
) ENGINE=InnoDB  DEFAULT CHARSET=latin1 AUTO_INCREMENT=107 ;

--
-- Dumping data for table `rs_excel_details`
--

INSERT INTO `rs_excel_details` (`Sheet_Id`, `Faculty_Id`, `School`, `Semester`, `Department`, `Course_Code`, `Published`, `Timestamp`) VALUES
(79, 6, 'soict', '', '', '', 1, '2015-12-28 15:29:57'),
(80, 6, 'soict', '', '', '', 1, '2015-12-28 15:29:57'),
(81, 5, '$school', '$sem', '$department', '$course', 0, '2015-12-28 15:29:57'),
(82, 5, '$school', '$sem', '$department', '$course', 0, '2015-12-28 15:29:57'),
(83, 6, 'soict', '', '', '', 1, '2015-12-28 15:29:57'),
(84, 5, '', '', '', '', 0, '2015-12-28 15:29:57'),
(85, 6, 'sobsc', '9', 'qwerty', 'asdfg', 0, '2015-12-28 15:29:57'),
(86, 6, 'sobsc', '9', 'qwerty', 'asdfg', 0, '2015-12-28 15:29:57'),
(87, 6, 'sobsc', '9', 'qwerty', 'asdfg', 1, '2015-12-28 15:29:57'),
(88, 6, 'sobsc', '1', '7', '4', 0, '2015-12-28 15:29:57'),
(89, 6, 'sobsc', '1', '7', '4', 0, '2015-12-28 15:29:57'),
(90, 6, 'sobsc', '3', '1', '2', 0, '2015-12-28 15:29:57'),
(91, 6, 'sobsc', '3', '1', '2', 0, '2015-12-28 15:29:57'),
(92, 6, 'sobsc', '3', '1', '2', 0, '2015-12-28 15:29:57'),
(93, 6, 'sobsc', '3', '1', '2', 1, '2015-12-28 15:29:57'),
(94, 6, 'sobt', '4', '2', '3', 1, '2015-12-28 15:29:57'),
(95, 6, 'sobt', '8', '8', '8', 0, '2015-12-28 15:29:57'),
(96, 6, 'sobt', '2', '2', '2', 0, '2015-12-28 15:29:57'),
(97, 6, 'sobsc', '5', '5', '5', 0, '2015-12-28 15:29:57'),
(98, 6, 'sobt', '1', '1', '1', 0, '2015-12-28 15:29:57'),
(99, 6, 'soe', '5', '5', '5', 0, '2015-12-28 15:29:57'),
(104, 6, 'sobt', '6', 'DEPOT', 'CSE-302', 0, '2015-12-28 15:29:57'),
(105, 6, 'soict', '6', 'DEPOT2', 'CSE-302', 1, '2015-12-28 15:30:42'),
(106, 6, 'sovsas', 'qwe', 'qwe', 'qwe', 1, '2015-12-28 15:32:21');

-- --------------------------------------------------------

--
-- Table structure for table `rs_faculty`
--

CREATE TABLE IF NOT EXISTS `rs_faculty` (
  `Faculty_Id` int(5) NOT NULL AUTO_INCREMENT,
  `Full_Name` varchar(50) NOT NULL,
  `Username` varchar(50) NOT NULL,
  `Password` varchar(60) NOT NULL,
  `Email` varchar(60) NOT NULL,
  `Timestamp` datetime NOT NULL DEFAULT CURRENT_TIMESTAMP,
  PRIMARY KEY (`Faculty_Id`)
) ENGINE=InnoDB  DEFAULT CHARSET=latin1 AUTO_INCREMENT=8 ;

--
-- Dumping data for table `rs_faculty`
--

INSERT INTO `rs_faculty` (`Faculty_Id`, `Full_Name`, `Username`, `Password`, `Email`, `Timestamp`) VALUES
(6, 'Arun Solanki', 'arun', '$2y$10$2tzulKRfTUi5qVc7dGsDn.z/y6Q3WwMNK7FIWaZnRrg4GoS.D7YvS', 'arun.solanki@gmail.com', '2015-12-28 15:50:13'),
(7, 'Amit K. Awasthi', 'amit', '$2y$10$2tzulKRfTUi5qVc7dGsDn.z/y6Q3WwMNK7FIWaZnRrg4GoS.D7YvS', 'amit.awasthik@gmail.com', '2015-12-28 15:50:13');

-- --------------------------------------------------------

--
-- Table structure for table `rs_logs`
--

CREATE TABLE IF NOT EXISTS `rs_logs` (
  `log_no` int(11) NOT NULL AUTO_INCREMENT,
  `date` date NOT NULL,
  `time` time NOT NULL,
  `user_name` varchar(100) NOT NULL,
  `level` varchar(50) NOT NULL,
  `action` varchar(300) NOT NULL,
  `ip_address` varchar(100) NOT NULL,
  `user_agent` varchar(200) NOT NULL,
  PRIMARY KEY (`log_no`)
) ENGINE=InnoDB  DEFAULT CHARSET=latin1 AUTO_INCREMENT=105 ;

--
-- Dumping data for table `rs_logs`
--

INSERT INTO `rs_logs` (`log_no`, `date`, `time`, `user_name`, `level`, `action`, `ip_address`, `user_agent`) VALUES
(1, '2015-12-16', '13:53:57', 'arun', 'faculty', 'Logged-In', '203.12.15.250', 'Mozilla/5.0 (Windows NT 10.0; WOW64; rv:42.0) Gecko/20100101 Firefox/42.0'),
(2, '2015-12-16', '14:20:34', 'arun', 'faculty', 'Logged-Out', '203.12.15.250', 'Mozilla/5.0 (Windows NT 10.0; WOW64; rv:42.0) Gecko/20100101 Firefox/42.0'),
(3, '2015-12-16', '14:38:58', 'arun', 'faculty', 'Logged-In', '::1', 'Mozilla/5.0 (Windows NT 10.0; WOW64; rv:42.0) Gecko/20100101 Firefox/42.0'),
(4, '2015-12-16', '14:41:10', 'arun', 'faculty', 'Logged-Out', '::1', 'Mozilla/5.0 (Windows NT 10.0; WOW64; rv:42.0) Gecko/20100101 Firefox/42.0'),
(5, '2015-12-16', '16:04:33', 'arun', 'faculty', 'Logged-In', '::1', 'Mozilla/5.0 (Windows NT 10.0; WOW64; rv:42.0) Gecko/20100101 Firefox/42.0'),
(6, '2015-12-16', '16:07:05', 'arun', 'faculty', 'Published excel Sheet-Id - 85', '::1', 'Mozilla/5.0 (Windows NT 10.0; WOW64; rv:42.0) Gecko/20100101 Firefox/42.0'),
(7, '2015-12-16', '16:08:29', 'arun', 'faculty', 'Logged-Out', '::1', 'Mozilla/5.0 (Windows NT 10.0; WOW64; rv:42.0) Gecko/20100101 Firefox/42.0'),
(8, '2015-12-16', '16:09:57', 'arun', 'faculty', 'Logged-In', '::1', 'Mozilla/5.0 (Windows NT 10.0; WOW64; rv:42.0) Gecko/20100101 Firefox/42.0'),
(9, '2015-12-16', '16:10:29', 'arun', 'faculty', 'Contacted Admin', '::1', 'Mozilla/5.0 (Windows NT 10.0; WOW64; rv:42.0) Gecko/20100101 Firefox/42.0'),
(10, '2015-12-16', '16:13:49', 'arun', 'faculty', 'Contacted Admin', '::1', 'Mozilla/5.0 (Windows NT 10.0; WOW64; rv:42.0) Gecko/20100101 Firefox/42.0'),
(11, '2015-12-16', '16:14:05', 'arun', 'faculty', 'Logged-Out', '::1', 'Mozilla/5.0 (Windows NT 10.0; WOW64; rv:42.0) Gecko/20100101 Firefox/42.0'),
(12, '2015-12-16', '16:14:20', 'initadmin', 'admin', 'Logged-In', '::1', 'Mozilla/5.0 (Windows NT 10.0; WOW64; rv:42.0) Gecko/20100101 Firefox/42.0'),
(13, '2015-12-16', '16:15:41', 'initadmin', 'admin', 'Added Faculty - Pradeep Tomar', '::1', 'Mozilla/5.0 (Windows NT 10.0; WOW64; rv:42.0) Gecko/20100101 Firefox/42.0'),
(14, '2015-12-16', '16:17:07', 'initadmin', 'admin', 'Added Faculty - Sandeep Sharma', '::1', 'Mozilla/5.0 (Windows NT 10.0; WOW64; rv:42.0) Gecko/20100101 Firefox/42.0'),
(15, '2015-12-16', '16:17:32', 'initadmin', 'admin', 'Removed Faculty - Sandeep Sharma', '::1', 'Mozilla/5.0 (Windows NT 10.0; WOW64; rv:42.0) Gecko/20100101 Firefox/42.0'),
(16, '2015-12-16', '16:18:01', 'initadmin', 'admin', 'Logged-Out', '::1', 'Mozilla/5.0 (Windows NT 10.0; WOW64; rv:42.0) Gecko/20100101 Firefox/42.0'),
(17, '2015-12-16', '16:20:36', 'initadmin', 'admin', 'Logged-In', '::1', 'Mozilla/5.0 (Windows NT 10.0; WOW64; rv:42.0) Gecko/20100101 Firefox/42.0'),
(18, '2015-12-16', '16:21:21', 'initadmin', 'admin', '<b>Removed himself as Admin.</b><br>Automatically Logged-Out.<br/><b>The new Admin is Second Admin</b>', '::1', 'Mozilla/5.0 (Windows NT 10.0; WOW64; rv:42.0) Gecko/20100101 Firefox/42.0'),
(19, '2015-12-16', '16:22:09', 'secadmin', 'admin', 'Logged-In', '::1', 'Mozilla/5.0 (Windows NT 10.0; WOW64; rv:42.0) Gecko/20100101 Firefox/42.0'),
(20, '2015-12-16', '16:22:39', 'secadmin', 'admin', '<b>Removed himself as Admin.</b><br>Automatically Logged-Out.<br/><b>The new Admin is JP Sharma</b>', '::1', 'Mozilla/5.0 (Windows NT 10.0; WOW64; rv:42.0) Gecko/20100101 Firefox/42.0'),
(21, '2015-12-16', '16:24:32', 'initadmin', 'admin', 'Logged-In', '::1', 'Mozilla/5.0 (Windows NT 10.0; WOW64; rv:42.0) Gecko/20100101 Firefox/42.0'),
(22, '2015-12-16', '16:26:52', 'initadmin', 'admin', 'Removed Faculty - Arun Solanki', '::1', 'Mozilla/5.0 (Windows NT 10.0; WOW64; rv:42.0) Gecko/20100101 Firefox/42.0'),
(23, '2015-12-16', '16:27:32', 'initadmin', 'admin', 'Added Faculty - Arun Solanki', '::1', 'Mozilla/5.0 (Windows NT 10.0; WOW64; rv:42.0) Gecko/20100101 Firefox/42.0'),
(24, '2015-12-16', '16:28:33', 'initadmin', 'admin', 'Logged-Out', '::1', 'Mozilla/5.0 (Windows NT 10.0; WOW64; rv:42.0) Gecko/20100101 Firefox/42.0'),
(25, '2015-12-16', '16:28:59', '---', 'student', 'Contacted Admin', '::1', 'Mozilla/5.0 (Windows NT 10.0; WOW64; rv:42.0) Gecko/20100101 Firefox/42.0'),
(26, '2015-12-16', '16:35:32', '---', 'student', 'Contacted Admin', '::1', 'Mozilla/5.0 (Windows NT 10.0; WOW64; rv:42.0) Gecko/20100101 Firefox/42.0'),
(27, '2015-12-16', '16:36:11', 'arun', 'faculty', 'Logged-In', '::1', 'Mozilla/5.0 (Windows NT 10.0; WOW64; rv:42.0) Gecko/20100101 Firefox/42.0'),
(28, '2015-12-16', '16:36:17', 'arun', 'faculty', 'Contacted Admin', '::1', 'Mozilla/5.0 (Windows NT 10.0; WOW64; rv:42.0) Gecko/20100101 Firefox/42.0'),
(29, '2015-12-16', '16:57:58', 'arun', 'faculty', 'Logged-Out', '::1', 'Mozilla/5.0 (Windows NT 10.0; WOW64; rv:42.0) Gecko/20100101 Firefox/42.0'),
(30, '2015-12-16', '16:58:07', 'initadmin', 'admin', 'Logged-In', '::1', 'Mozilla/5.0 (Windows NT 10.0; WOW64; rv:42.0) Gecko/20100101 Firefox/42.0'),
(31, '2015-12-16', '17:00:10', 'initadmin', 'admin', 'Logged-In', '::1', 'Mozilla/5.0 (Windows NT 10.0; WOW64; rv:42.0) Gecko/20100101 Firefox/42.0'),
(32, '2015-12-16', '17:20:21', 'arun', 'faculty', 'Logged-In', '::1', 'Mozilla/5.0 (Windows NT 10.0; WOW64; rv:42.0) Gecko/20100101 Firefox/42.0'),
(33, '2015-12-16', '17:22:06', 'arun', 'faculty', 'Published excel Sheet-Id - 83', '::1', 'Mozilla/5.0 (Windows NT 10.0; WOW64; rv:42.0) Gecko/20100101 Firefox/42.0'),
(34, '2015-12-16', '17:22:33', 'arun', 'faculty', 'Logged-Out', '::1', 'Mozilla/5.0 (Windows NT 10.0; WOW64; rv:42.0) Gecko/20100101 Firefox/42.0'),
(35, '2015-12-16', '17:22:43', 'initadmin', 'admin', 'Logged-In', '::1', 'Mozilla/5.0 (Windows NT 10.0; WOW64; rv:42.0) Gecko/20100101 Firefox/42.0'),
(36, '2015-12-16', '17:25:52', 'initadmin', 'admin', 'Logged-In', '::1', 'Mozilla/5.0 (Windows NT 10.0; WOW64; rv:42.0) Gecko/20100101 Firefox/42.0'),
(37, '2015-12-17', '18:06:26', 'initadmin', 'admin', 'Logged-In', '127.0.0.1', 'Mozilla/5.0 (Windows NT 10.0; WOW64) AppleWebKit/537.36 (KHTML, like Gecko) Chrome/47.0.2526.80 Safari/537.36'),
(38, '2015-12-17', '19:58:05', 'initadmin', 'admin', 'Logged-Out', '127.0.0.1', 'Mozilla/5.0 (Windows NT 10.0; WOW64) AppleWebKit/537.36 (KHTML, like Gecko) Chrome/47.0.2526.80 Safari/537.36'),
(39, '2015-12-17', '19:58:18', 'initadmin', 'admin', 'Logged-In', '127.0.0.1', 'Mozilla/5.0 (Windows NT 10.0; WOW64) AppleWebKit/537.36 (KHTML, like Gecko) Chrome/47.0.2526.80 Safari/537.36'),
(40, '2015-12-17', '19:59:33', 'initadmin', 'admin', '<b>Removed himself as Admin.</b><br>Automatically Logged-Out.<br/><b>The new Admin is Pradeep Tomar</b>', '127.0.0.1', 'Mozilla/5.0 (Windows NT 10.0; WOW64) AppleWebKit/537.36 (KHTML, like Gecko) Chrome/47.0.2526.80 Safari/537.36'),
(41, '2015-12-17', '22:05:31', 'ARUN', 'faculty', 'Uploaded excel Sheet-Id - 85', '::1', 'Mozilla/5.0 (Windows NT 10.0; WOW64; rv:42.0) Gecko/20100101 Firefox/42.0'),
(42, '2015-12-17', '22:06:15', 'ARUN', 'faculty', 'Uploaded excel Sheet-Id - 86', '::1', 'Mozilla/5.0 (Windows NT 10.0; WOW64; rv:42.0) Gecko/20100101 Firefox/42.0'),
(43, '2015-12-17', '22:11:10', 'ARUN', 'faculty', 'Uploaded excel Sheet-Id - 87', '::1', 'Mozilla/5.0 (Windows NT 10.0; WOW64; rv:42.0) Gecko/20100101 Firefox/42.0'),
(44, '2015-12-17', '22:14:01', 'ARUN', 'faculty', 'Uploaded excel Sheet-Id - 89', '::1', 'Mozilla/5.0 (Windows NT 10.0; WOW64; rv:42.0) Gecko/20100101 Firefox/42.0'),
(45, '2015-12-17', '22:18:29', 'ARUN', 'faculty', 'Uploaded excel Sheet-Id - 90', '::1', 'Mozilla/5.0 (Windows NT 10.0; WOW64; rv:42.0) Gecko/20100101 Firefox/42.0'),
(46, '2015-12-17', '22:39:37', 'ARUN', 'faculty', 'Uploaded excel Sheet-Id - 91', '::1', 'Mozilla/5.0 (Windows NT 10.0; WOW64; rv:42.0) Gecko/20100101 Firefox/42.0'),
(47, '2015-12-17', '22:41:59', 'ARUN', 'faculty', 'Uploaded excel Sheet-Id - 92', '::1', 'Mozilla/5.0 (Windows NT 10.0; WOW64; rv:42.0) Gecko/20100101 Firefox/42.0'),
(48, '2015-12-17', '22:43:42', 'ARUN', 'faculty', 'Uploaded excel Sheet-Id - 93', '::1', 'Mozilla/5.0 (Windows NT 10.0; WOW64; rv:42.0) Gecko/20100101 Firefox/42.0'),
(49, '2015-12-17', '22:58:17', 'ARUN', 'faculty', 'Logged-Out', '::1', 'Mozilla/5.0 (Windows NT 10.0; WOW64; rv:42.0) Gecko/20100101 Firefox/42.0'),
(50, '2015-12-17', '22:59:37', 'arun', 'faculty', 'Logged-In', '::1', 'Mozilla/5.0 (Windows NT 10.0; WOW64; rv:42.0) Gecko/20100101 Firefox/42.0'),
(51, '2015-12-17', '22:59:49', 'arun', 'faculty', 'Published excel Sheet-Id - 93', '::1', 'Mozilla/5.0 (Windows NT 10.0; WOW64; rv:42.0) Gecko/20100101 Firefox/42.0'),
(52, '2015-12-17', '22:59:53', 'arun', 'faculty', 'Published excel Sheet-Id - 87', '::1', 'Mozilla/5.0 (Windows NT 10.0; WOW64; rv:42.0) Gecko/20100101 Firefox/42.0'),
(53, '2015-12-17', '23:00:54', 'arun', 'faculty', 'Uploaded excel Sheet-Id - 94', '::1', 'Mozilla/5.0 (Windows NT 10.0; WOW64; rv:42.0) Gecko/20100101 Firefox/42.0'),
(54, '2015-12-17', '23:01:03', 'arun', 'faculty', 'Published excel Sheet-Id - 94', '::1', 'Mozilla/5.0 (Windows NT 10.0; WOW64; rv:42.0) Gecko/20100101 Firefox/42.0'),
(55, '2015-12-17', '23:38:40', 'arun', 'faculty', 'Uploaded excel Sheet-Id - 95', '::1', 'Mozilla/5.0 (Windows NT 10.0; WOW64; rv:42.0) Gecko/20100101 Firefox/42.0'),
(56, '2015-12-17', '23:44:29', 'arun', 'faculty', 'Uploaded excel Sheet-Id - 96', '::1', 'Mozilla/5.0 (Windows NT 10.0; WOW64; rv:42.0) Gecko/20100101 Firefox/42.0'),
(57, '2015-12-17', '23:47:42', 'arun', 'faculty', 'Uploaded excel Sheet-Id - 97', '::1', 'Mozilla/5.0 (Windows NT 10.0; WOW64; rv:42.0) Gecko/20100101 Firefox/42.0'),
(58, '2015-12-17', '23:50:14', 'arun', 'faculty', 'Uploaded excel Sheet-Id - 98', '::1', 'Mozilla/5.0 (Windows NT 10.0; WOW64; rv:42.0) Gecko/20100101 Firefox/42.0'),
(59, '2015-12-17', '23:52:29', 'arun', 'faculty', 'Contacted Admin', '::1', 'Mozilla/5.0 (Windows NT 10.0; WOW64; rv:42.0) Gecko/20100101 Firefox/42.0'),
(60, '2015-12-17', '23:53:44', 'arun', 'faculty', 'Contacted Admin', '::1', 'Mozilla/5.0 (Windows NT 10.0; WOW64; rv:42.0) Gecko/20100101 Firefox/42.0'),
(61, '2015-12-17', '23:54:54', 'arun', 'faculty', 'Contacted Admin', '::1', 'Mozilla/5.0 (Windows NT 10.0; WOW64; rv:42.0) Gecko/20100101 Firefox/42.0'),
(62, '2015-12-17', '23:55:10', 'arun', 'faculty', 'Contacted Admin', '::1', 'Mozilla/5.0 (Windows NT 10.0; WOW64; rv:42.0) Gecko/20100101 Firefox/42.0'),
(63, '2015-12-17', '23:55:14', 'arun', 'faculty', 'Logged-Out', '::1', 'Mozilla/5.0 (Windows NT 10.0; WOW64; rv:42.0) Gecko/20100101 Firefox/42.0'),
(64, '2015-12-17', '23:56:00', 'ptomar', 'admin', 'Logged-In', '::1', 'Mozilla/5.0 (Windows NT 10.0; WOW64; rv:42.0) Gecko/20100101 Firefox/42.0'),
(65, '2015-12-17', '23:56:23', 'ptomar', 'admin', 'Added Faculty - q', '::1', 'Mozilla/5.0 (Windows NT 10.0; WOW64; rv:42.0) Gecko/20100101 Firefox/42.0'),
(66, '2015-12-17', '23:56:26', 'ptomar', 'admin', 'Removed Faculty - q', '::1', 'Mozilla/5.0 (Windows NT 10.0; WOW64; rv:42.0) Gecko/20100101 Firefox/42.0'),
(67, '2015-12-17', '23:58:45', 'ptomar', 'admin', '<b>Removed himself as Admin.</b><br>Automatically Logged-Out.<br/><b>The new Admin is initadmin</b>', '::1', 'Mozilla/5.0 (Windows NT 10.0; WOW64; rv:42.0) Gecko/20100101 Firefox/42.0'),
(68, '2015-12-17', '23:58:56', 'initadmin', 'admin', 'Logged-In', '::1', 'Mozilla/5.0 (Windows NT 10.0; WOW64; rv:42.0) Gecko/20100101 Firefox/42.0'),
(69, '2015-12-17', '23:59:56', 'arun', 'faculty', 'Logged-In', '::1', 'Mozilla/5.0 (Windows NT 10.0; WOW64; rv:42.0) Gecko/20100101 Firefox/42.0'),
(70, '2015-12-18', '09:47:34', 'arun', 'faculty', 'Logged-In', '::1', 'Mozilla/5.0 (Windows NT 10.0; WOW64; rv:42.0) Gecko/20100101 Firefox/42.0'),
(71, '2015-12-18', '09:47:39', 'arun', 'faculty', 'Logged-Out', '::1', 'Mozilla/5.0 (Windows NT 10.0; WOW64; rv:42.0) Gecko/20100101 Firefox/42.0'),
(72, '2015-12-18', '09:47:49', 'initadmin', 'admin', 'Logged-In', '::1', 'Mozilla/5.0 (Windows NT 10.0; WOW64; rv:42.0) Gecko/20100101 Firefox/42.0'),
(73, '2015-12-18', '10:03:15', 'initadmin', 'admin', '<b>Removed himself as Admin.</b><br>Automatically Logged-Out.<br/><b>The new Admin is Sandeep Sharma</b>', '::1', 'Mozilla/5.0 (Windows NT 10.0; WOW64; rv:42.0) Gecko/20100101 Firefox/42.0'),
(74, '2015-12-18', '10:03:25', 'sandeep', 'admin', 'Logged-In', '::1', 'Mozilla/5.0 (Windows NT 10.0; WOW64; rv:42.0) Gecko/20100101 Firefox/42.0'),
(75, '2015-12-18', '10:08:59', 'sandeep', 'admin', '<b>Removed himself as Admin.</b><br>Automatically Logged-Out.<br/><b>The new Admin is ABC Sharma</b>', '::1', 'Mozilla/5.0 (Windows NT 10.0; WOW64; rv:42.0) Gecko/20100101 Firefox/42.0'),
(76, '2015-12-18', '10:18:25', 'initadmin', 'admin', 'Logged-In', '::1', 'Mozilla/5.0 (Windows NT 10.0; WOW64; rv:42.0) Gecko/20100101 Firefox/42.0'),
(77, '2015-12-18', '10:18:44', 'initadmin', 'admin', '<b>Removed himself as Admin.</b><br>Automatically Logged-Out.<br/><b>The new Admin is q</b>', '::1', 'Mozilla/5.0 (Windows NT 10.0; WOW64; rv:42.0) Gecko/20100101 Firefox/42.0'),
(78, '2015-12-18', '10:22:31', 'sandeep', 'admin', 'Logged-In', '::1', 'Mozilla/5.0 (Windows NT 10.0; WOW64; rv:42.0) Gecko/20100101 Firefox/42.0'),
(79, '2015-12-18', '10:23:25', 'sandeep', 'admin', '<b>Removed himself as Admin.</b><br>Automatically Logged-Out.<br/><b>The new Admin is ASD</b>', '::1', 'Mozilla/5.0 (Windows NT 10.0; WOW64; rv:42.0) Gecko/20100101 Firefox/42.0'),
(80, '2015-12-18', '10:26:06', 'initadmin', 'admin', 'Logged-In', '::1', 'Mozilla/5.0 (Windows NT 10.0; WOW64; rv:42.0) Gecko/20100101 Firefox/42.0'),
(81, '2015-12-18', '10:26:25', 'initadmin', 'admin', '<b>Removed himself as Admin.</b><br>Automatically Logged-Out.<br/><b>The new Admin is q</b>', '::1', 'Mozilla/5.0 (Windows NT 10.0; WOW64; rv:42.0) Gecko/20100101 Firefox/42.0'),
(82, '2015-12-18', '10:28:32', 'sandeep', 'admin', 'Logged-In', '::1', 'Mozilla/5.0 (Windows NT 10.0; WOW64; rv:42.0) Gecko/20100101 Firefox/42.0'),
(83, '2015-12-18', '10:28:55', 'sandeep', 'admin', '<b>Removed himself as Admin.</b><br>Automatically Logged-Out.<br/><b>The new Admin is q</b>', '::1', 'Mozilla/5.0 (Windows NT 10.0; WOW64; rv:42.0) Gecko/20100101 Firefox/42.0'),
(84, '2015-12-20', '22:48:10', 'arun', 'faculty', 'Logged-In', '::1', 'Mozilla/5.0 (Windows NT 10.0; WOW64; rv:43.0) Gecko/20100101 Firefox/43.0'),
(85, '2015-12-20', '23:03:46', 'arun', 'faculty', 'Uploaded excel Sheet-Id - 99', '::1', 'Mozilla/5.0 (Windows NT 10.0; WOW64; rv:43.0) Gecko/20100101 Firefox/43.0'),
(86, '2015-12-20', '23:21:19', 'arun', 'faculty', 'Logged-Out', '::1', 'Mozilla/5.0 (Windows NT 10.0; WOW64; rv:43.0) Gecko/20100101 Firefox/43.0'),
(87, '2015-12-20', '23:21:46', 'amit', 'faculty', 'Logged-In', '::1', 'Mozilla/5.0 (Windows NT 10.0; WOW64; rv:43.0) Gecko/20100101 Firefox/43.0'),
(88, '2015-12-20', '23:31:22', 'amit', 'faculty', 'Logged-Out', '::1', 'Mozilla/5.0 (Windows NT 10.0; WOW64; rv:43.0) Gecko/20100101 Firefox/43.0'),
(89, '2015-12-20', '23:31:46', 'amit', 'faculty', 'Logged-In', '::1', 'Mozilla/5.0 (Windows NT 10.0; WOW64; rv:43.0) Gecko/20100101 Firefox/43.0'),
(90, '2015-12-21', '07:33:57', '---', 'student', 'Logged-Out', '::1', 'Mozilla/5.0 (Windows NT 10.0; WOW64; rv:43.0) Gecko/20100101 Firefox/43.0'),
(91, '2015-12-21', '07:34:25', 'initadmin', 'admin', 'Logged-In', '::1', 'Mozilla/5.0 (Windows NT 10.0; WOW64; rv:43.0) Gecko/20100101 Firefox/43.0'),
(92, '2015-12-27', '22:24:04', 'amit', 'faculty', 'Logged-In', '::1', 'Mozilla/5.0 (Windows NT 10.0; WOW64; rv:43.0) Gecko/20100101 Firefox/43.0'),
(93, '2015-12-27', '22:25:03', 'amit', 'faculty', 'Uploaded excel Sheet-Id - 100', '::1', 'Mozilla/5.0 (Windows NT 10.0; WOW64; rv:43.0) Gecko/20100101 Firefox/43.0'),
(94, '2015-12-27', '23:25:31', 'initadmin', 'admin', 'Logged-In', '::1', 'Mozilla/5.0 (Windows NT 10.0; WOW64; rv:43.0) Gecko/20100101 Firefox/43.0'),
(95, '2015-12-27', '23:26:04', 'arun', 'faculty', 'Logged-In', '::1', 'Mozilla/5.0 (Windows NT 10.0; WOW64; rv:43.0) Gecko/20100101 Firefox/43.0'),
(96, '2015-12-27', '23:26:46', 'arun', 'faculty', 'Uploaded excel Sheet-Id - 101', '::1', 'Mozilla/5.0 (Windows NT 10.0; WOW64; rv:43.0) Gecko/20100101 Firefox/43.0'),
(97, '2015-12-28', '09:59:39', 'arun', 'faculty', 'Logged-In', '::1', 'Mozilla/5.0 (Windows NT 10.0; WOW64; rv:43.0) Gecko/20100101 Firefox/43.0'),
(98, '2015-12-28', '09:59:40', 'arun', 'faculty', 'Logged-In', '::1', 'Mozilla/5.0 (Windows NT 10.0; WOW64; rv:43.0) Gecko/20100101 Firefox/43.0'),
(99, '2015-12-28', '10:01:11', 'arun', 'faculty', 'Uploaded excel Sheet-Id - 102', '::1', 'Mozilla/5.0 (Windows NT 10.0; WOW64; rv:43.0) Gecko/20100101 Firefox/43.0'),
(100, '2015-12-28', '14:59:21', 'arun', 'faculty', 'Logged-In', '::1', 'Mozilla/5.0 (Windows NT 10.0; WOW64; rv:43.0) Gecko/20100101 Firefox/43.0'),
(101, '2015-12-28', '15:20:23', 'arun', 'faculty', 'Uploaded excel Sheet-Id - 104', '::1', 'Mozilla/5.0 (Windows NT 10.0; WOW64; rv:43.0) Gecko/20100101 Firefox/43.0'),
(102, '2015-12-28', '15:30:42', 'arun', 'faculty', 'Uploaded excel Sheet-Id - 105', '::1', 'Mozilla/5.0 (Windows NT 10.0; WOW64; rv:43.0) Gecko/20100101 Firefox/43.0'),
(103, '2015-12-28', '15:32:21', 'arun', 'faculty', 'Uploaded excel Sheet-Id - 106', '::1', 'Mozilla/5.0 (Windows NT 10.0; WOW64; rv:43.0) Gecko/20100101 Firefox/43.0'),
(104, '2015-12-28', '15:35:01', 'arun', 'faculty', 'Published excel Sheet-Id - 105', '::1', 'Mozilla/5.0 (Windows NT 10.0; WOW64; rv:43.0) Gecko/20100101 Firefox/43.0');

-- --------------------------------------------------------

--
-- Table structure for table `rs_master`
--

CREATE TABLE IF NOT EXISTS `rs_master` (
  `School` varchar(20) NOT NULL,
  `School_Name` varchar(50) NOT NULL,
  PRIMARY KEY (`School`)
) ENGINE=InnoDB DEFAULT CHARSET=latin1;

--
-- Dumping data for table `rs_master`
--

INSERT INTO `rs_master` (`School`, `School_Name`) VALUES
('sobsc', 'SCHOOL OF BUDDHIST STUDIES AND CIVILIZATION'),
('sobt', 'SCHOOL OF BIOTECHNOLOGY'),
('soe', 'SCHOOL OF ENGINEERING'),
('sohss', 'SCHOOL OF HUMANITIES AND SOCIAL SCIENCES'),
('soict', 'SCHOOL OF INFORMATION COMMUNICATION TECHNOLOGY'),
('soljg', 'SCHOOL OF LAW, JUSTICE AND GOVERNANCE'),
('som', 'SCHOOL OF MANAGEMENT'),
('sovsas', 'SCHOOL OF VOCATIONAL STUDIES AND APPLIED SCIENCES');

-- --------------------------------------------------------

--
-- Table structure for table `rs_messages`
--

CREATE TABLE IF NOT EXISTS `rs_messages` (
  `Message_Id` int(11) NOT NULL AUTO_INCREMENT,
  `Name` varchar(255) NOT NULL,
  `Email` varchar(255) NOT NULL,
  `Message` varchar(1000) NOT NULL,
  `Timestamp` datetime NOT NULL DEFAULT CURRENT_TIMESTAMP,
  PRIMARY KEY (`Message_Id`)
) ENGINE=InnoDB  DEFAULT CHARSET=latin1 AUTO_INCREMENT=7 ;

--
-- Dumping data for table `rs_messages`
--

INSERT INTO `rs_messages` (`Message_Id`, `Name`, `Email`, `Message`, `Timestamp`) VALUES
(1, 'q', 'q', 'q', '2015-12-28 15:54:11'),
(2, 'w', 'w', 'w', '2015-12-28 15:54:11'),
(3, '', '', '', '2015-12-28 15:54:11'),
(4, '', '', '', '2015-12-28 15:54:11'),
(5, 's', 'a@a', 's', '2015-12-28 15:54:11'),
(6, 'qqq', 'qq@q', 'qq', '2015-12-28 15:54:11');

-- --------------------------------------------------------

--
-- Table structure for table `rs_school`
--

CREATE TABLE IF NOT EXISTS `rs_school` (
  `S_No` int(100) NOT NULL AUTO_INCREMENT,
  `Roll_No` varchar(12) NOT NULL,
  `S_M` int(5) NOT NULL,
  `M_T` int(5) NOT NULL,
  `E_T` int(5) NOT NULL,
  `Total` int(5) NOT NULL,
  `Grades` varchar(5) NOT NULL,
  `School` varchar(10) NOT NULL,
  `Department` varchar(60) NOT NULL,
  `Semester` varchar(5) NOT NULL,
  `Course_Code` varchar(10) NOT NULL,
  `Sheet_Id` int(11) NOT NULL,
  `Published` int(11) NOT NULL DEFAULT '0',
  `Timestamp` datetime NOT NULL DEFAULT CURRENT_TIMESTAMP,
  PRIMARY KEY (`S_No`)
) ENGINE=InnoDB  DEFAULT CHARSET=latin1 AUTO_INCREMENT=2044 ;

--
-- Dumping data for table `rs_school`
--

INSERT INTO `rs_school` (`S_No`, `Roll_No`, `S_M`, `M_T`, `E_T`, `Total`, `Grades`, `School`, `Department`, `Semester`, `Course_Code`, `Sheet_Id`, `Published`, `Timestamp`) VALUES
(1516, '13/IEC/001', 20, 20, 17, 64, 'B', 'sobt', '1', '1', '1', 98, 0, '2015-12-28 15:46:37'),
(1517, '13/IEC/034', 12, 17, 15, 44, 'C', 'sobt', '1', '1', '1', 98, 0, '2015-12-28 15:46:37'),
(1518, '13/IEC/002', 20, 21, 7, 83, 'Ex', 'sobt', '1', '1', '1', 98, 0, '2015-12-28 15:46:37'),
(1519, '13/IEC/036', 6, 7, 8, 21, 'F', 'sobt', '1', '1', '1', 98, 0, '2015-12-28 15:46:37'),
(1520, '13/IEC/003', 6, 19, 22, 48, 'C', 'sobt', '1', '1', '1', 98, 0, '2015-12-28 15:46:37'),
(1521, '13/IEC/037', 12, 22, 27, 61, 'B', 'sobt', '1', '1', '1', 98, 0, '2015-12-28 15:46:37'),
(1522, '13/IEC/004', 22, 22, 8, 86, 'Ex', 'sobt', '1', '1', '1', 98, 0, '2015-12-28 15:46:37'),
(1523, '13/IEC/038', 14, 8, 14, 36, 'C', 'sobt', '1', '1', '1', 98, 0, '2015-12-28 15:46:37'),
(1524, '13/IEC/005', 23, 14, 17, 60, 'B', 'sobt', '1', '1', '1', 98, 0, '2015-12-28 15:46:37'),
(1525, '13/IEC/040', 16, 17, 19, 52, 'B', 'sobt', '1', '1', '1', 98, 0, '2015-12-28 15:46:37'),
(1526, '13/IEC/006', 12, 10, 21, 37, 'C', 'sobt', '1', '1', '1', 98, 0, '2015-12-28 15:46:37'),
(1527, '13/IEC/041', 14, 21, 30, 65, 'A', 'sobt', '1', '1', '1', 98, 0, '2015-12-28 15:46:37'),
(1528, '13/IEC/007', 23, 21, 19, 80, 'Ex', 'sobt', '1', '1', '1', 98, 0, '2015-12-28 15:46:37'),
(1529, '13/IEC/042', 18, 19, 32, 69, 'A', 'sobt', '1', '1', '1', 98, 0, '2015-12-28 15:46:37'),
(1530, '13/IEC/008', 10, 21, 21, 64, 'B', 'sobt', '1', '1', '1', 98, 0, '2015-12-28 15:46:37'),
(1531, '13/IEC/043', 16, 21, 36, 73, 'A', 'sobt', '1', '1', '1', 98, 0, '2015-12-28 15:46:37'),
(1532, '13/IEC/009', 12, 17, 15, 48, 'C', 'sobt', '1', '1', '1', 98, 0, '2015-12-28 15:46:37'),
(1533, '13/IEC/044', 14, 15, 16, 45, 'C', 'sobt', '1', '1', '1', 98, 0, '2015-12-28 15:46:37'),
(1534, '13/IEC/010', 22, 22, 20, 90, 'Ex', 'sobt', '1', '1', '1', 98, 0, '2015-12-28 15:46:37'),
(1535, '13/IEC/045', 18, 20, 20, 58, 'B', 'sobt', '1', '1', '1', 98, 0, '2015-12-28 15:46:37'),
(1536, '13/IEC/011', 10, 16, 21, 51, 'B', 'sobt', '1', '1', '1', 98, 0, '2015-12-28 15:46:37'),
(1537, '13/IEC/047', 4, 21, 48, 73, 'A', 'sobt', '1', '1', '1', 98, 0, '2015-12-28 15:46:37'),
(1538, '13/IEC/012', 4, 9, 17, 24, 'F', 'sobt', '1', '1', '1', 98, 0, '2015-12-28 15:46:37'),
(1539, '13/IEC/048', 10, 17, 30, 57, 'B', 'sobt', '1', '1', '1', 98, 0, '2015-12-28 15:46:37'),
(1540, '13/IEC/013', 18, 17, 21, 64, 'B', 'sobt', '1', '1', '1', 98, 0, '2015-12-28 15:46:37'),
(1541, '13/IEC/049', 24, 21, 39, 84, 'Ex', 'sobt', '1', '1', '1', 98, 0, '2015-12-28 15:46:37'),
(1542, '13/IEC/014', 20, 18, 19, 72, 'A', 'sobt', '1', '1', '1', 98, 0, '2015-12-28 15:46:37'),
(1543, '13/IEC/050', 22, 19, 39, 80, 'Ex', 'sobt', '1', '1', '1', 98, 0, '2015-12-28 15:46:37'),
(1544, '13/IEC/015', 20, 24, 21, 92, 'Ex', 'sobt', '1', '1', '1', 98, 0, '2015-12-28 15:46:37'),
(1545, '13/IEC/051', 20, 21, 40, 81, 'Ex', 'sobt', '1', '1', '1', 98, 0, '2015-12-28 15:46:37'),
(1546, '13/IEC/016', 20, 20, 21, 63, 'B', 'sobt', '1', '1', '1', 98, 0, '2015-12-28 15:46:37'),
(1547, '13/IEC/052', 17, 21, 31, 69, 'A', 'sobt', '1', '1', '1', 98, 0, '2015-12-28 15:46:37'),
(1548, '13/IEC/017', 12, 8, 13, 35, 'C', 'sobt', '1', '1', '1', 98, 0, '2015-12-28 15:46:37'),
(1549, '13/IEC/053', 14, 13, 16, 43, 'C', 'sobt', '1', '1', '1', 98, 0, '2015-12-28 15:46:37'),
(1550, '13/IEC/018', 18, 10, 20, 47, 'C', 'sobt', '1', '1', '1', 98, 0, '2015-12-28 15:46:37'),
(1551, '13/IEC/054', 14, 20, 21, 55, 'B', 'sobt', '1', '1', '1', 98, 0, '2015-12-28 15:46:37'),
(1552, '13/IEC/019', 22, 18, 20, 85, 'Ex', 'sobt', '1', '1', '1', 98, 0, '2015-12-28 15:46:37'),
(1553, '13/IEC/055', 20, 20, 40, 80, 'Ex', 'sobt', '1', '1', '1', 98, 0, '2015-12-28 15:46:37'),
(1554, '13/IEC/020', 22, 22, 21, 74, 'A', 'sobt', '1', '1', '1', 98, 0, '2015-12-28 15:46:37'),
(1555, '13/IEC/056', 15, 21, 19, 55, 'B', 'sobt', '1', '1', '1', 98, 0, '2015-12-28 15:46:37'),
(1556, '13/IEC/021', 12, 11, 9, 42, 'C', 'sobt', '1', '1', '1', 98, 0, '2015-12-28 15:46:37'),
(1557, '13/IEC/057', 12, 9, 15, 36, 'C', 'sobt', '1', '1', '1', 98, 0, '2015-12-28 15:46:37'),
(1558, '13/IEC/022', 18, 19, 20, 62, 'B', 'sobt', '1', '1', '1', 98, 0, '2015-12-28 15:46:37'),
(1559, '13/IEC/058', 8, 20, 22, 50, 'B', 'sobt', '1', '1', '1', 98, 0, '2015-12-28 15:46:37'),
(1560, '13/IEC/023', 22, 18, 21, 72, 'A', 'sobt', '1', '1', '1', 98, 0, '2015-12-28 15:46:37'),
(1561, '13/IEC/059', 20, 21, 46, 87, 'Ex', 'sobt', '1', '1', '1', 98, 0, '2015-12-28 15:46:37'),
(1562, '13/IEC/025', 20, 17, 21, 63, 'B', 'sobt', '1', '1', '1', 98, 0, '2015-12-28 15:46:37'),
(1563, '13/IEC/060', 20, 21, 45, 86, 'Ex', 'sobt', '1', '1', '1', 98, 0, '2015-12-28 15:46:37'),
(1564, '13/IEC/026', 20, 20, 21, 75, 'A', 'sobt', '1', '1', '1', 98, 0, '2015-12-28 15:46:37'),
(1565, '13/IEC/061', 14, 21, 31, 66, 'A', 'sobt', '1', '1', '1', 98, 0, '2015-12-28 15:46:37'),
(1566, '13/IEC/027', 20, 16, 14, 50, 'B', 'sobt', '1', '1', '1', 98, 0, '2015-12-28 15:46:37'),
(1567, '13/IEC/062', 14, 14, 29, 57, 'B', 'sobt', '1', '1', '1', 98, 0, '2015-12-28 15:46:37'),
(1568, '13/IEC/028', 13, 20, 20, 58, 'B', 'sobt', '1', '1', '1', 98, 0, '2015-12-28 15:46:37'),
(1569, '13/IEC/063', 16, 20, 38, 74, 'A', 'sobt', '1', '1', '1', 98, 0, '2015-12-28 15:46:37'),
(1570, '13/IEC/029', 22, 21, 14, 81, 'Ex', 'sobt', '1', '1', '1', 98, 0, '2015-12-28 15:46:37'),
(1571, '12/IEC/019', 0, 14, 0, 14, 'F', 'sobt', '1', '1', '1', 98, 0, '2015-12-28 15:46:37'),
(1572, '13/IEC/032', 23, 21, 13, 80, 'Ex', 'sobt', '1', '1', '1', 98, 0, '2015-12-28 15:46:37'),
(1573, '12/IEC/039', 0, 13, 0, 13, 'F', 'sobt', '1', '1', '1', 98, 0, '2015-12-28 15:46:37'),
(1574, '13/IEC/033', 14, 22, 0, 55, 'B', 'sobt', '1', '1', '1', 98, 0, '2015-12-28 15:46:37'),
(1575, '', 0, 0, 0, 0, '', 'sobt', '1', '1', '1', 98, 0, '2015-12-28 15:46:37'),
(1576, '', 0, 0, 0, 0, '', 'sobt', '1', '1', '1', 98, 0, '2015-12-28 15:46:37'),
(1577, '', 0, 0, 0, 0, '', 'sobt', '1', '1', '1', 98, 0, '2015-12-28 15:46:37'),
(1578, '', 0, 0, 0, 0, '', 'sobt', '1', '1', '1', 98, 0, '2015-12-28 15:46:37'),
(1579, '', 0, 0, 0, 0, '', 'sobt', '1', '1', '1', 98, 0, '2015-12-28 15:46:37'),
(1580, 'Date:', 0, 0, 0, 0, '', 'sobt', '1', '1', '1', 98, 0, '2015-12-28 15:46:37'),
(1581, 'Signature:', 0, 0, 0, 0, '', 'sobt', '1', '1', '1', 98, 0, '2015-12-28 15:46:37'),
(1582, '13/IEC/001', 20, 20, 24, 64, 'B', 'soe', '5', '5', '5', 99, 0, '2015-12-28 15:46:37'),
(1583, '13/IEC/034', 12, 17, 15, 44, 'C', 'soe', '5', '5', '5', 99, 0, '2015-12-28 15:46:37'),
(1584, '13/IEC/002', 20, 21, 42, 83, 'Ex', 'soe', '5', '5', '5', 99, 0, '2015-12-28 15:46:37'),
(1585, '13/IEC/036', 6, 7, 8, 21, 'F', 'soe', '5', '5', '5', 99, 0, '2015-12-28 15:46:37'),
(1586, '13/IEC/003', 6, 19, 23, 48, 'C', 'soe', '5', '5', '5', 99, 0, '2015-12-28 15:46:37'),
(1587, '13/IEC/037', 12, 22, 27, 61, 'B', 'soe', '5', '5', '5', 99, 0, '2015-12-28 15:46:37'),
(1588, '13/IEC/004', 22, 22, 42, 86, 'Ex', 'soe', '5', '5', '5', 99, 0, '2015-12-28 15:46:37'),
(1589, '13/IEC/038', 14, 8, 14, 36, 'C', 'soe', '5', '5', '5', 99, 0, '2015-12-28 15:46:37'),
(1590, '13/IEC/005', 23, 14, 23, 60, 'B', 'soe', '5', '5', '5', 99, 0, '2015-12-28 15:46:37'),
(1591, '13/IEC/040', 16, 17, 19, 52, 'B', 'soe', '5', '5', '5', 99, 0, '2015-12-28 15:46:37'),
(1592, '13/IEC/006', 12, 10, 15, 37, 'C', 'soe', '5', '5', '5', 99, 0, '2015-12-28 15:46:37'),
(1593, '13/IEC/041', 14, 21, 30, 65, 'A', 'soe', '5', '5', '5', 99, 0, '2015-12-28 15:46:37'),
(1594, '13/IEC/007', 23, 21, 36, 80, 'Ex', 'soe', '5', '5', '5', 99, 0, '2015-12-28 15:46:37'),
(1595, '13/IEC/042', 18, 19, 32, 69, 'A', 'soe', '5', '5', '5', 99, 0, '2015-12-28 15:46:37'),
(1596, '13/IEC/008', 10, 21, 33, 64, 'B', 'soe', '5', '5', '5', 99, 0, '2015-12-28 15:46:37'),
(1597, '13/IEC/043', 16, 21, 36, 73, 'A', 'soe', '5', '5', '5', 99, 0, '2015-12-28 15:46:37'),
(1598, '13/IEC/009', 12, 17, 19, 48, 'C', 'soe', '5', '5', '5', 99, 0, '2015-12-28 15:46:37'),
(1599, '13/IEC/044', 14, 15, 16, 45, 'C', 'soe', '5', '5', '5', 99, 0, '2015-12-28 15:46:37'),
(1600, '13/IEC/010', 22, 22, 46, 90, 'Ex', 'soe', '5', '5', '5', 99, 0, '2015-12-28 15:46:37'),
(1601, '13/IEC/045', 18, 20, 20, 58, 'B', 'soe', '5', '5', '5', 99, 0, '2015-12-28 15:46:37'),
(1602, '13/IEC/011', 10, 16, 25, 51, 'B', 'soe', '5', '5', '5', 99, 0, '2015-12-28 15:46:37'),
(1603, '13/IEC/047', 4, 21, 48, 73, 'A', 'soe', '5', '5', '5', 99, 0, '2015-12-28 15:46:37'),
(1604, '13/IEC/012', 4, 9, 11, 24, 'F', 'soe', '5', '5', '5', 99, 0, '2015-12-28 15:46:37'),
(1605, '13/IEC/048', 10, 17, 30, 57, 'B', 'soe', '5', '5', '5', 99, 0, '2015-12-28 15:46:37'),
(1606, '13/IEC/013', 18, 17, 29, 64, 'B', 'soe', '5', '5', '5', 99, 0, '2015-12-28 15:46:37'),
(1607, '13/IEC/049', 24, 21, 39, 84, 'Ex', 'soe', '5', '5', '5', 99, 0, '2015-12-28 15:46:37'),
(1608, '13/IEC/014', 20, 18, 34, 72, 'A', 'soe', '5', '5', '5', 99, 0, '2015-12-28 15:46:37'),
(1609, '13/IEC/050', 22, 19, 39, 80, 'Ex', 'soe', '5', '5', '5', 99, 0, '2015-12-28 15:46:37'),
(1610, '13/IEC/015', 20, 24, 48, 92, 'Ex', 'soe', '5', '5', '5', 99, 0, '2015-12-28 15:46:37'),
(1611, '13/IEC/051', 20, 21, 40, 81, 'Ex', 'soe', '5', '5', '5', 99, 0, '2015-12-28 15:46:37'),
(1612, '13/IEC/016', 20, 20, 23, 63, 'B', 'soe', '5', '5', '5', 99, 0, '2015-12-28 15:46:37'),
(1613, '13/IEC/052', 17, 21, 31, 69, 'A', 'soe', '5', '5', '5', 99, 0, '2015-12-28 15:46:37'),
(1614, '13/IEC/017', 12, 8, 15, 35, 'C', 'soe', '5', '5', '5', 99, 0, '2015-12-28 15:46:37'),
(1615, '13/IEC/053', 14, 13, 16, 43, 'C', 'soe', '5', '5', '5', 99, 0, '2015-12-28 15:46:37'),
(1616, '13/IEC/018', 18, 10, 19, 47, 'C', 'soe', '5', '5', '5', 99, 0, '2015-12-28 15:46:37'),
(1617, '13/IEC/054', 14, 20, 21, 55, 'B', 'soe', '5', '5', '5', 99, 0, '2015-12-28 15:46:37'),
(1618, '13/IEC/019', 22, 18, 45, 85, 'Ex', 'soe', '5', '5', '5', 99, 0, '2015-12-28 15:46:37'),
(1619, '13/IEC/055', 20, 20, 40, 80, 'Ex', 'soe', '5', '5', '5', 99, 0, '2015-12-28 15:46:37'),
(1620, '13/IEC/020', 22, 22, 30, 74, 'A', 'soe', '5', '5', '5', 99, 0, '2015-12-28 15:46:37'),
(1621, '13/IEC/056', 15, 21, 19, 55, 'B', 'soe', '5', '5', '5', 99, 0, '2015-12-28 15:46:37'),
(1622, '13/IEC/021', 12, 11, 19, 42, 'C', 'soe', '5', '5', '5', 99, 0, '2015-12-28 15:46:37'),
(1623, '13/IEC/057', 12, 9, 15, 36, 'C', 'soe', '5', '5', '5', 99, 0, '2015-12-28 15:46:37'),
(1624, '13/IEC/022', 18, 19, 25, 62, 'B', 'soe', '5', '5', '5', 99, 0, '2015-12-28 15:46:37'),
(1625, '13/IEC/058', 8, 20, 22, 50, 'B', 'soe', '5', '5', '5', 99, 0, '2015-12-28 15:46:37'),
(1626, '13/IEC/023', 22, 18, 32, 72, 'A', 'soe', '5', '5', '5', 99, 0, '2015-12-28 15:46:37'),
(1627, '13/IEC/059', 20, 21, 46, 87, 'Ex', 'soe', '5', '5', '5', 99, 0, '2015-12-28 15:46:37'),
(1628, '13/IEC/025', 20, 17, 26, 63, 'B', 'soe', '5', '5', '5', 99, 0, '2015-12-28 15:46:37'),
(1629, '13/IEC/060', 20, 21, 45, 86, 'Ex', 'soe', '5', '5', '5', 99, 0, '2015-12-28 15:46:37'),
(1630, '13/IEC/026', 20, 20, 35, 75, 'A', 'soe', '5', '5', '5', 99, 0, '2015-12-28 15:46:37'),
(1631, '13/IEC/061', 14, 21, 31, 66, 'A', 'soe', '5', '5', '5', 99, 0, '2015-12-28 15:46:37'),
(1632, '13/IEC/027', 20, 16, 14, 50, 'B', 'soe', '5', '5', '5', 99, 0, '2015-12-28 15:46:37'),
(1633, '13/IEC/062', 14, 14, 29, 57, 'B', 'soe', '5', '5', '5', 99, 0, '2015-12-28 15:46:37'),
(1634, '13/IEC/028', 13, 20, 25, 58, 'B', 'soe', '5', '5', '5', 99, 0, '2015-12-28 15:46:37'),
(1635, '13/IEC/063', 16, 20, 38, 74, 'A', 'soe', '5', '5', '5', 99, 0, '2015-12-28 15:46:37'),
(1636, '13/IEC/029', 22, 21, 38, 81, 'Ex', 'soe', '5', '5', '5', 99, 0, '2015-12-28 15:46:37'),
(1637, '12/IEC/019', 0, 14, 0, 14, 'F', 'soe', '5', '5', '5', 99, 0, '2015-12-28 15:46:37'),
(1638, '13/IEC/032', 23, 21, 36, 80, 'Ex', 'soe', '5', '5', '5', 99, 0, '2015-12-28 15:46:37'),
(1639, '12/IEC/039', 0, 13, 0, 13, 'F', 'soe', '5', '5', '5', 99, 0, '2015-12-28 15:46:37'),
(1640, '13/IEC/033', 14, 22, 19, 55, 'B', 'soe', '5', '5', '5', 99, 0, '2015-12-28 15:46:37'),
(1641, '', 0, 0, 0, 0, '', 'soe', '5', '5', '5', 99, 0, '2015-12-28 15:46:37'),
(1642, '', 0, 0, 0, 0, '', 'soe', '5', '5', '5', 99, 0, '2015-12-28 15:46:37'),
(1643, '', 0, 0, 0, 0, '', 'soe', '5', '5', '5', 99, 0, '2015-12-28 15:46:37'),
(1644, '', 0, 0, 0, 0, '', 'soe', '5', '5', '5', 99, 0, '2015-12-28 15:46:37'),
(1645, '', 0, 0, 0, 0, '', 'soe', '5', '5', '5', 99, 0, '2015-12-28 15:46:37'),
(1646, 'Date:', 0, 0, 0, 0, '', 'soe', '5', '5', '5', 99, 0, '2015-12-28 15:46:37'),
(1647, 'Signature:', 0, 0, 0, 0, '', 'soe', '5', '5', '5', 99, 0, '2015-12-28 15:46:37'),
(1648, '13/IEC/001', 20, 20, 24, 64, 'B', 'soe', '<script>alert("helloWorld");</script>', '5', 'dsd', 100, 0, '2015-12-28 15:46:37'),
(1649, '13/IEC/034', 12, 17, 15, 44, 'C', 'soe', '<script>alert("helloWorld");</script>', '5', 'dsd', 100, 0, '2015-12-28 15:46:37'),
(1650, '13/IEC/002', 20, 21, 42, 83, 'Ex', 'soe', '<script>alert("helloWorld");</script>', '5', 'dsd', 100, 0, '2015-12-28 15:46:37'),
(1651, '13/IEC/036', 6, 7, 8, 21, 'F', 'soe', '<script>alert("helloWorld");</script>', '5', 'dsd', 100, 0, '2015-12-28 15:46:37'),
(1652, '13/IEC/003', 6, 19, 23, 48, 'C', 'soe', '<script>alert("helloWorld");</script>', '5', 'dsd', 100, 0, '2015-12-28 15:46:37'),
(1653, '13/IEC/037', 12, 22, 27, 61, 'B', 'soe', '<script>alert("helloWorld");</script>', '5', 'dsd', 100, 0, '2015-12-28 15:46:37'),
(1654, '13/IEC/004', 22, 22, 42, 86, 'Ex', 'soe', '<script>alert("helloWorld");</script>', '5', 'dsd', 100, 0, '2015-12-28 15:46:37'),
(1655, '13/IEC/038', 14, 8, 14, 36, 'C', 'soe', '<script>alert("helloWorld");</script>', '5', 'dsd', 100, 0, '2015-12-28 15:46:37'),
(1656, '13/IEC/005', 23, 14, 23, 60, 'B', 'soe', '<script>alert("helloWorld");</script>', '5', 'dsd', 100, 0, '2015-12-28 15:46:37'),
(1657, '13/IEC/040', 16, 17, 19, 52, 'B', 'soe', '<script>alert("helloWorld");</script>', '5', 'dsd', 100, 0, '2015-12-28 15:46:37'),
(1658, '13/IEC/006', 12, 10, 15, 37, 'C', 'soe', '<script>alert("helloWorld");</script>', '5', 'dsd', 100, 0, '2015-12-28 15:46:37'),
(1659, '13/IEC/041', 14, 21, 30, 65, 'A', 'soe', '<script>alert("helloWorld");</script>', '5', 'dsd', 100, 0, '2015-12-28 15:46:37'),
(1660, '13/IEC/007', 23, 21, 36, 80, 'Ex', 'soe', '<script>alert("helloWorld");</script>', '5', 'dsd', 100, 0, '2015-12-28 15:46:37'),
(1661, '13/IEC/042', 18, 19, 32, 69, 'A', 'soe', '<script>alert("helloWorld");</script>', '5', 'dsd', 100, 0, '2015-12-28 15:46:37'),
(1662, '13/IEC/008', 10, 21, 33, 64, 'B', 'soe', '<script>alert("helloWorld");</script>', '5', 'dsd', 100, 0, '2015-12-28 15:46:37'),
(1663, '13/IEC/043', 16, 21, 36, 73, 'A', 'soe', '<script>alert("helloWorld");</script>', '5', 'dsd', 100, 0, '2015-12-28 15:46:37'),
(1664, '13/IEC/009', 12, 17, 19, 48, 'C', 'soe', '<script>alert("helloWorld");</script>', '5', 'dsd', 100, 0, '2015-12-28 15:46:37'),
(1665, '13/IEC/044', 14, 15, 16, 45, 'C', 'soe', '<script>alert("helloWorld");</script>', '5', 'dsd', 100, 0, '2015-12-28 15:46:37'),
(1666, '13/IEC/010', 22, 22, 46, 90, 'Ex', 'soe', '<script>alert("helloWorld");</script>', '5', 'dsd', 100, 0, '2015-12-28 15:46:37'),
(1667, '13/IEC/045', 18, 20, 20, 58, 'B', 'soe', '<script>alert("helloWorld");</script>', '5', 'dsd', 100, 0, '2015-12-28 15:46:37'),
(1668, '13/IEC/011', 10, 16, 25, 51, 'B', 'soe', '<script>alert("helloWorld");</script>', '5', 'dsd', 100, 0, '2015-12-28 15:46:37'),
(1669, '13/IEC/047', 4, 21, 48, 73, 'A', 'soe', '<script>alert("helloWorld");</script>', '5', 'dsd', 100, 0, '2015-12-28 15:46:37'),
(1670, '13/IEC/012', 4, 9, 11, 24, 'F', 'soe', '<script>alert("helloWorld");</script>', '5', 'dsd', 100, 0, '2015-12-28 15:46:37'),
(1671, '13/IEC/048', 10, 17, 30, 57, 'B', 'soe', '<script>alert("helloWorld");</script>', '5', 'dsd', 100, 0, '2015-12-28 15:46:37'),
(1672, '13/IEC/013', 18, 17, 29, 64, 'B', 'soe', '<script>alert("helloWorld");</script>', '5', 'dsd', 100, 0, '2015-12-28 15:46:37'),
(1673, '13/IEC/049', 24, 21, 39, 84, 'Ex', 'soe', '<script>alert("helloWorld");</script>', '5', 'dsd', 100, 0, '2015-12-28 15:46:37'),
(1674, '13/IEC/014', 20, 18, 34, 72, 'A', 'soe', '<script>alert("helloWorld");</script>', '5', 'dsd', 100, 0, '2015-12-28 15:46:37'),
(1675, '13/IEC/050', 22, 19, 39, 80, 'Ex', 'soe', '<script>alert("helloWorld");</script>', '5', 'dsd', 100, 0, '2015-12-28 15:46:37'),
(1676, '13/IEC/015', 20, 24, 48, 92, 'Ex', 'soe', '<script>alert("helloWorld");</script>', '5', 'dsd', 100, 0, '2015-12-28 15:46:37'),
(1677, '13/IEC/051', 20, 21, 40, 81, 'Ex', 'soe', '<script>alert("helloWorld");</script>', '5', 'dsd', 100, 0, '2015-12-28 15:46:37'),
(1678, '13/IEC/016', 20, 20, 23, 63, 'B', 'soe', '<script>alert("helloWorld");</script>', '5', 'dsd', 100, 0, '2015-12-28 15:46:37'),
(1679, '13/IEC/052', 17, 21, 31, 69, 'A', 'soe', '<script>alert("helloWorld");</script>', '5', 'dsd', 100, 0, '2015-12-28 15:46:37'),
(1680, '13/IEC/017', 12, 8, 15, 35, 'C', 'soe', '<script>alert("helloWorld");</script>', '5', 'dsd', 100, 0, '2015-12-28 15:46:37'),
(1681, '13/IEC/053', 14, 13, 16, 43, 'C', 'soe', '<script>alert("helloWorld");</script>', '5', 'dsd', 100, 0, '2015-12-28 15:46:37'),
(1682, '13/IEC/018', 18, 10, 19, 47, 'C', 'soe', '<script>alert("helloWorld");</script>', '5', 'dsd', 100, 0, '2015-12-28 15:46:37'),
(1683, '13/IEC/054', 14, 20, 21, 55, 'B', 'soe', '<script>alert("helloWorld");</script>', '5', 'dsd', 100, 0, '2015-12-28 15:46:37'),
(1684, '13/IEC/019', 22, 18, 45, 85, 'Ex', 'soe', '<script>alert("helloWorld");</script>', '5', 'dsd', 100, 0, '2015-12-28 15:46:37'),
(1685, '13/IEC/055', 20, 20, 40, 80, 'Ex', 'soe', '<script>alert("helloWorld");</script>', '5', 'dsd', 100, 0, '2015-12-28 15:46:37'),
(1686, '13/IEC/020', 22, 22, 30, 74, 'A', 'soe', '<script>alert("helloWorld");</script>', '5', 'dsd', 100, 0, '2015-12-28 15:46:37'),
(1687, '13/IEC/056', 15, 21, 19, 55, 'B', 'soe', '<script>alert("helloWorld");</script>', '5', 'dsd', 100, 0, '2015-12-28 15:46:37'),
(1688, '13/IEC/021', 12, 11, 19, 42, 'C', 'soe', '<script>alert("helloWorld");</script>', '5', 'dsd', 100, 0, '2015-12-28 15:46:37'),
(1689, '13/IEC/057', 12, 9, 15, 36, 'C', 'soe', '<script>alert("helloWorld");</script>', '5', 'dsd', 100, 0, '2015-12-28 15:46:37'),
(1690, '13/IEC/022', 18, 19, 25, 62, 'B', 'soe', '<script>alert("helloWorld");</script>', '5', 'dsd', 100, 0, '2015-12-28 15:46:37'),
(1691, '13/IEC/058', 8, 20, 22, 50, 'B', 'soe', '<script>alert("helloWorld");</script>', '5', 'dsd', 100, 0, '2015-12-28 15:46:37'),
(1692, '13/IEC/023', 22, 18, 32, 72, 'A', 'soe', '<script>alert("helloWorld");</script>', '5', 'dsd', 100, 0, '2015-12-28 15:46:37'),
(1693, '13/IEC/059', 20, 21, 46, 87, 'Ex', 'soe', '<script>alert("helloWorld");</script>', '5', 'dsd', 100, 0, '2015-12-28 15:46:37'),
(1694, '13/IEC/025', 20, 17, 26, 63, 'B', 'soe', '<script>alert("helloWorld");</script>', '5', 'dsd', 100, 0, '2015-12-28 15:46:37'),
(1695, '13/IEC/060', 20, 21, 45, 86, 'Ex', 'soe', '<script>alert("helloWorld");</script>', '5', 'dsd', 100, 0, '2015-12-28 15:46:37'),
(1696, '13/IEC/026', 20, 20, 35, 75, 'A', 'soe', '<script>alert("helloWorld");</script>', '5', 'dsd', 100, 0, '2015-12-28 15:46:37'),
(1697, '13/IEC/061', 14, 21, 31, 66, 'A', 'soe', '<script>alert("helloWorld");</script>', '5', 'dsd', 100, 0, '2015-12-28 15:46:37'),
(1698, '13/IEC/027', 20, 16, 14, 50, 'B', 'soe', '<script>alert("helloWorld");</script>', '5', 'dsd', 100, 0, '2015-12-28 15:46:37'),
(1699, '13/IEC/062', 14, 14, 29, 57, 'B', 'soe', '<script>alert("helloWorld");</script>', '5', 'dsd', 100, 0, '2015-12-28 15:46:37'),
(1700, '13/IEC/028', 13, 20, 25, 58, 'B', 'soe', '<script>alert("helloWorld");</script>', '5', 'dsd', 100, 0, '2015-12-28 15:46:37'),
(1701, '13/IEC/063', 16, 20, 38, 74, 'A', 'soe', '<script>alert("helloWorld");</script>', '5', 'dsd', 100, 0, '2015-12-28 15:46:37'),
(1702, '13/IEC/029', 22, 21, 38, 81, 'Ex', 'soe', '<script>alert("helloWorld");</script>', '5', 'dsd', 100, 0, '2015-12-28 15:46:37'),
(1703, '12/IEC/019', 0, 14, 0, 14, 'F', 'soe', '<script>alert("helloWorld");</script>', '5', 'dsd', 100, 0, '2015-12-28 15:46:37'),
(1704, '13/IEC/032', 23, 21, 36, 80, 'Ex', 'soe', '<script>alert("helloWorld");</script>', '5', 'dsd', 100, 0, '2015-12-28 15:46:37'),
(1705, '12/IEC/039', 0, 13, 0, 13, 'F', 'soe', '<script>alert("helloWorld");</script>', '5', 'dsd', 100, 0, '2015-12-28 15:46:37'),
(1706, '13/IEC/033', 14, 22, 19, 55, 'B', 'soe', '<script>alert("helloWorld");</script>', '5', 'dsd', 100, 0, '2015-12-28 15:46:37'),
(1707, '', 0, 0, 0, 0, '', 'soe', '<script>alert("helloWorld");</script>', '5', 'dsd', 100, 0, '2015-12-28 15:46:37'),
(1708, '', 0, 0, 0, 0, '', 'soe', '<script>alert("helloWorld");</script>', '5', 'dsd', 100, 0, '2015-12-28 15:46:37'),
(1709, '', 0, 0, 0, 0, '', 'soe', '<script>alert("helloWorld");</script>', '5', 'dsd', 100, 0, '2015-12-28 15:46:37'),
(1710, '', 0, 0, 0, 0, '', 'soe', '<script>alert("helloWorld");</script>', '5', 'dsd', 100, 0, '2015-12-28 15:46:37'),
(1711, '', 0, 0, 0, 0, '', 'soe', '<script>alert("helloWorld");</script>', '5', 'dsd', 100, 0, '2015-12-28 15:46:37'),
(1712, 'Date:', 0, 0, 0, 0, '', 'soe', '<script>alert("helloWorld");</script>', '5', 'dsd', 100, 0, '2015-12-28 15:46:37'),
(1713, 'Signature:', 0, 0, 0, 0, '', 'soe', '<script>alert("helloWorld");</script>', '5', 'dsd', 100, 0, '2015-12-28 15:46:37'),
(1714, '.->escape(13', 0, 0, 0, 0, '.->es', 'sobt', '.->escape(CSED).', '.->es', '.->escape(', 101, 0, '2015-12-28 15:46:37'),
(1715, '.->escape(13', 0, 0, 0, 0, '.->es', 'sobt', '.->escape(CSED).', '.->es', '.->escape(', 101, 0, '2015-12-28 15:46:37'),
(1716, '.->escape(13', 0, 0, 0, 0, '.->es', 'sobt', '.->escape(CSED).', '.->es', '.->escape(', 101, 0, '2015-12-28 15:46:37'),
(1717, '.->escape(13', 0, 0, 0, 0, '.->es', 'sobt', '.->escape(CSED).', '.->es', '.->escape(', 101, 0, '2015-12-28 15:46:37'),
(1718, '.->escape(13', 0, 0, 0, 0, '.->es', 'sobt', '.->escape(CSED).', '.->es', '.->escape(', 101, 0, '2015-12-28 15:46:37'),
(1719, '.->escape(13', 0, 0, 0, 0, '.->es', 'sobt', '.->escape(CSED).', '.->es', '.->escape(', 101, 0, '2015-12-28 15:46:37'),
(1720, '.->escape(13', 0, 0, 0, 0, '.->es', 'sobt', '.->escape(CSED).', '.->es', '.->escape(', 101, 0, '2015-12-28 15:46:37'),
(1721, '.->escape(13', 0, 0, 0, 0, '.->es', 'sobt', '.->escape(CSED).', '.->es', '.->escape(', 101, 0, '2015-12-28 15:46:37'),
(1722, '.->escape(13', 0, 0, 0, 0, '.->es', 'sobt', '.->escape(CSED).', '.->es', '.->escape(', 101, 0, '2015-12-28 15:46:37'),
(1723, '.->escape(13', 0, 0, 0, 0, '.->es', 'sobt', '.->escape(CSED).', '.->es', '.->escape(', 101, 0, '2015-12-28 15:46:37'),
(1724, '.->escape(13', 0, 0, 0, 0, '.->es', 'sobt', '.->escape(CSED).', '.->es', '.->escape(', 101, 0, '2015-12-28 15:46:37'),
(1725, '.->escape(13', 0, 0, 0, 0, '.->es', 'sobt', '.->escape(CSED).', '.->es', '.->escape(', 101, 0, '2015-12-28 15:46:37'),
(1726, '.->escape(13', 0, 0, 0, 0, '.->es', 'sobt', '.->escape(CSED).', '.->es', '.->escape(', 101, 0, '2015-12-28 15:46:37'),
(1727, '.->escape(13', 0, 0, 0, 0, '.->es', 'sobt', '.->escape(CSED).', '.->es', '.->escape(', 101, 0, '2015-12-28 15:46:37'),
(1728, '.->escape(13', 0, 0, 0, 0, '.->es', 'sobt', '.->escape(CSED).', '.->es', '.->escape(', 101, 0, '2015-12-28 15:46:37'),
(1729, '.->escape(13', 0, 0, 0, 0, '.->es', 'sobt', '.->escape(CSED).', '.->es', '.->escape(', 101, 0, '2015-12-28 15:46:37'),
(1730, '.->escape(13', 0, 0, 0, 0, '.->es', 'sobt', '.->escape(CSED).', '.->es', '.->escape(', 101, 0, '2015-12-28 15:46:37'),
(1731, '.->escape(13', 0, 0, 0, 0, '.->es', 'sobt', '.->escape(CSED).', '.->es', '.->escape(', 101, 0, '2015-12-28 15:46:37'),
(1732, '.->escape(13', 0, 0, 0, 0, '.->es', 'sobt', '.->escape(CSED).', '.->es', '.->escape(', 101, 0, '2015-12-28 15:46:37'),
(1733, '.->escape(13', 0, 0, 0, 0, '.->es', 'sobt', '.->escape(CSED).', '.->es', '.->escape(', 101, 0, '2015-12-28 15:46:37'),
(1734, '.->escape(13', 0, 0, 0, 0, '.->es', 'sobt', '.->escape(CSED).', '.->es', '.->escape(', 101, 0, '2015-12-28 15:46:37'),
(1735, '.->escape(13', 0, 0, 0, 0, '.->es', 'sobt', '.->escape(CSED).', '.->es', '.->escape(', 101, 0, '2015-12-28 15:46:37'),
(1736, '.->escape(13', 0, 0, 0, 0, '.->es', 'sobt', '.->escape(CSED).', '.->es', '.->escape(', 101, 0, '2015-12-28 15:46:37'),
(1737, '.->escape(13', 0, 0, 0, 0, '.->es', 'sobt', '.->escape(CSED).', '.->es', '.->escape(', 101, 0, '2015-12-28 15:46:37'),
(1738, '.->escape(13', 0, 0, 0, 0, '.->es', 'sobt', '.->escape(CSED).', '.->es', '.->escape(', 101, 0, '2015-12-28 15:46:37'),
(1739, '.->escape(13', 0, 0, 0, 0, '.->es', 'sobt', '.->escape(CSED).', '.->es', '.->escape(', 101, 0, '2015-12-28 15:46:37'),
(1740, '.->escape(13', 0, 0, 0, 0, '.->es', 'sobt', '.->escape(CSED).', '.->es', '.->escape(', 101, 0, '2015-12-28 15:46:37'),
(1741, '.->escape(13', 0, 0, 0, 0, '.->es', 'sobt', '.->escape(CSED).', '.->es', '.->escape(', 101, 0, '2015-12-28 15:46:37'),
(1742, '.->escape(13', 0, 0, 0, 0, '.->es', 'sobt', '.->escape(CSED).', '.->es', '.->escape(', 101, 0, '2015-12-28 15:46:37'),
(1743, '.->escape(13', 0, 0, 0, 0, '.->es', 'sobt', '.->escape(CSED).', '.->es', '.->escape(', 101, 0, '2015-12-28 15:46:37'),
(1744, '.->escape(13', 0, 0, 0, 0, '.->es', 'sobt', '.->escape(CSED).', '.->es', '.->escape(', 101, 0, '2015-12-28 15:46:37'),
(1745, '.->escape(13', 0, 0, 0, 0, '.->es', 'sobt', '.->escape(CSED).', '.->es', '.->escape(', 101, 0, '2015-12-28 15:46:37'),
(1746, '.->escape(13', 0, 0, 0, 0, '.->es', 'sobt', '.->escape(CSED).', '.->es', '.->escape(', 101, 0, '2015-12-28 15:46:37'),
(1747, '.->escape(13', 0, 0, 0, 0, '.->es', 'sobt', '.->escape(CSED).', '.->es', '.->escape(', 101, 0, '2015-12-28 15:46:37'),
(1748, '.->escape(13', 0, 0, 0, 0, '.->es', 'sobt', '.->escape(CSED).', '.->es', '.->escape(', 101, 0, '2015-12-28 15:46:37'),
(1749, '.->escape(13', 0, 0, 0, 0, '.->es', 'sobt', '.->escape(CSED).', '.->es', '.->escape(', 101, 0, '2015-12-28 15:46:37'),
(1750, '.->escape(13', 0, 0, 0, 0, '.->es', 'sobt', '.->escape(CSED).', '.->es', '.->escape(', 101, 0, '2015-12-28 15:46:37'),
(1751, '.->escape(13', 0, 0, 0, 0, '.->es', 'sobt', '.->escape(CSED).', '.->es', '.->escape(', 101, 0, '2015-12-28 15:46:37'),
(1752, '.->escape(13', 0, 0, 0, 0, '.->es', 'sobt', '.->escape(CSED).', '.->es', '.->escape(', 101, 0, '2015-12-28 15:46:37'),
(1753, '.->escape(13', 0, 0, 0, 0, '.->es', 'sobt', '.->escape(CSED).', '.->es', '.->escape(', 101, 0, '2015-12-28 15:46:37'),
(1754, '.->escape(13', 0, 0, 0, 0, '.->es', 'sobt', '.->escape(CSED).', '.->es', '.->escape(', 101, 0, '2015-12-28 15:46:37'),
(1755, '.->escape(13', 0, 0, 0, 0, '.->es', 'sobt', '.->escape(CSED).', '.->es', '.->escape(', 101, 0, '2015-12-28 15:46:37'),
(1756, '.->escape(13', 0, 0, 0, 0, '.->es', 'sobt', '.->escape(CSED).', '.->es', '.->escape(', 101, 0, '2015-12-28 15:46:37'),
(1757, '.->escape(13', 0, 0, 0, 0, '.->es', 'sobt', '.->escape(CSED).', '.->es', '.->escape(', 101, 0, '2015-12-28 15:46:37'),
(1758, '.->escape(13', 0, 0, 0, 0, '.->es', 'sobt', '.->escape(CSED).', '.->es', '.->escape(', 101, 0, '2015-12-28 15:46:37'),
(1759, '.->escape(13', 0, 0, 0, 0, '.->es', 'sobt', '.->escape(CSED).', '.->es', '.->escape(', 101, 0, '2015-12-28 15:46:37'),
(1760, '.->escape(13', 0, 0, 0, 0, '.->es', 'sobt', '.->escape(CSED).', '.->es', '.->escape(', 101, 0, '2015-12-28 15:46:37'),
(1761, '.->escape(13', 0, 0, 0, 0, '.->es', 'sobt', '.->escape(CSED).', '.->es', '.->escape(', 101, 0, '2015-12-28 15:46:37'),
(1762, '.->escape(13', 0, 0, 0, 0, '.->es', 'sobt', '.->escape(CSED).', '.->es', '.->escape(', 101, 0, '2015-12-28 15:46:37'),
(1763, '.->escape(13', 0, 0, 0, 0, '.->es', 'sobt', '.->escape(CSED).', '.->es', '.->escape(', 101, 0, '2015-12-28 15:46:37'),
(1764, '.->escape(13', 0, 0, 0, 0, '.->es', 'sobt', '.->escape(CSED).', '.->es', '.->escape(', 101, 0, '2015-12-28 15:46:37'),
(1765, '.->escape(13', 0, 0, 0, 0, '.->es', 'sobt', '.->escape(CSED).', '.->es', '.->escape(', 101, 0, '2015-12-28 15:46:37'),
(1766, '.->escape(13', 0, 0, 0, 0, '.->es', 'sobt', '.->escape(CSED).', '.->es', '.->escape(', 101, 0, '2015-12-28 15:46:37'),
(1767, '.->escape(13', 0, 0, 0, 0, '.->es', 'sobt', '.->escape(CSED).', '.->es', '.->escape(', 101, 0, '2015-12-28 15:46:37'),
(1768, '.->escape(13', 0, 0, 0, 0, '.->es', 'sobt', '.->escape(CSED).', '.->es', '.->escape(', 101, 0, '2015-12-28 15:46:37'),
(1769, '.->escape(12', 0, 0, 0, 0, '.->es', 'sobt', '.->escape(CSED).', '.->es', '.->escape(', 101, 0, '2015-12-28 15:46:37'),
(1770, '.->escape(13', 0, 0, 0, 0, '.->es', 'sobt', '.->escape(CSED).', '.->es', '.->escape(', 101, 0, '2015-12-28 15:46:37'),
(1771, '.->escape(12', 0, 0, 0, 0, '.->es', 'sobt', '.->escape(CSED).', '.->es', '.->escape(', 101, 0, '2015-12-28 15:46:37'),
(1772, '.->escape(13', 0, 0, 0, 0, '.->es', 'sobt', '.->escape(CSED).', '.->es', '.->escape(', 101, 0, '2015-12-28 15:46:37'),
(1773, '.->escape().', 0, 0, 0, 0, '.->es', 'sobt', '.->escape(CSED).', '.->es', '.->escape(', 101, 0, '2015-12-28 15:46:37'),
(1774, '.->escape().', 0, 0, 0, 0, '.->es', 'sobt', '.->escape(CSED).', '.->es', '.->escape(', 101, 0, '2015-12-28 15:46:37'),
(1775, '.->escape().', 0, 0, 0, 0, '.->es', 'sobt', '.->escape(CSED).', '.->es', '.->escape(', 101, 0, '2015-12-28 15:46:37'),
(1776, '.->escape().', 0, 0, 0, 0, '.->es', 'sobt', '.->escape(CSED).', '.->es', '.->escape(', 101, 0, '2015-12-28 15:46:37'),
(1777, '.->escape().', 0, 0, 0, 0, '.->es', 'sobt', '.->escape(CSED).', '.->es', '.->escape(', 101, 0, '2015-12-28 15:46:37'),
(1778, '.->escape(Da', 0, 0, 0, 0, '.->es', 'sobt', '.->escape(CSED).', '.->es', '.->escape(', 101, 0, '2015-12-28 15:46:37'),
(1779, '.->escape(Si', 0, 0, 0, 0, '.->es', 'sobt', '.->escape(CSED).', '.->es', '.->escape(', 101, 0, '2015-12-28 15:46:37'),
(1780, '.->escape(13', 0, 0, 0, 0, '.->es', 'sobsc', '.->escape(ASD).', '.->es', '.->escape(', 102, 0, '2015-12-28 15:46:37'),
(1781, '.->escape(13', 0, 0, 0, 0, '.->es', 'sobsc', '.->escape(ASD).', '.->es', '.->escape(', 102, 0, '2015-12-28 15:46:37'),
(1782, '.->escape(13', 0, 0, 0, 0, '.->es', 'sobsc', '.->escape(ASD).', '.->es', '.->escape(', 102, 0, '2015-12-28 15:46:37'),
(1783, '.->escape(13', 0, 0, 0, 0, '.->es', 'sobsc', '.->escape(ASD).', '.->es', '.->escape(', 102, 0, '2015-12-28 15:46:37'),
(1784, '.->escape(13', 0, 0, 0, 0, '.->es', 'sobsc', '.->escape(ASD).', '.->es', '.->escape(', 102, 0, '2015-12-28 15:46:37'),
(1785, '.->escape(13', 0, 0, 0, 0, '.->es', 'sobsc', '.->escape(ASD).', '.->es', '.->escape(', 102, 0, '2015-12-28 15:46:37'),
(1786, '.->escape(13', 0, 0, 0, 0, '.->es', 'sobsc', '.->escape(ASD).', '.->es', '.->escape(', 102, 0, '2015-12-28 15:46:37'),
(1787, '.->escape(13', 0, 0, 0, 0, '.->es', 'sobsc', '.->escape(ASD).', '.->es', '.->escape(', 102, 0, '2015-12-28 15:46:37'),
(1788, '.->escape(13', 0, 0, 0, 0, '.->es', 'sobsc', '.->escape(ASD).', '.->es', '.->escape(', 102, 0, '2015-12-28 15:46:37'),
(1789, '.->escape(13', 0, 0, 0, 0, '.->es', 'sobsc', '.->escape(ASD).', '.->es', '.->escape(', 102, 0, '2015-12-28 15:46:37'),
(1790, '.->escape(13', 0, 0, 0, 0, '.->es', 'sobsc', '.->escape(ASD).', '.->es', '.->escape(', 102, 0, '2015-12-28 15:46:37'),
(1791, '.->escape(13', 0, 0, 0, 0, '.->es', 'sobsc', '.->escape(ASD).', '.->es', '.->escape(', 102, 0, '2015-12-28 15:46:37'),
(1792, '.->escape(13', 0, 0, 0, 0, '.->es', 'sobsc', '.->escape(ASD).', '.->es', '.->escape(', 102, 0, '2015-12-28 15:46:37'),
(1793, '.->escape(13', 0, 0, 0, 0, '.->es', 'sobsc', '.->escape(ASD).', '.->es', '.->escape(', 102, 0, '2015-12-28 15:46:37'),
(1794, '.->escape(13', 0, 0, 0, 0, '.->es', 'sobsc', '.->escape(ASD).', '.->es', '.->escape(', 102, 0, '2015-12-28 15:46:37'),
(1795, '.->escape(13', 0, 0, 0, 0, '.->es', 'sobsc', '.->escape(ASD).', '.->es', '.->escape(', 102, 0, '2015-12-28 15:46:37'),
(1796, '.->escape(13', 0, 0, 0, 0, '.->es', 'sobsc', '.->escape(ASD).', '.->es', '.->escape(', 102, 0, '2015-12-28 15:46:37'),
(1797, '.->escape(13', 0, 0, 0, 0, '.->es', 'sobsc', '.->escape(ASD).', '.->es', '.->escape(', 102, 0, '2015-12-28 15:46:37'),
(1798, '.->escape(13', 0, 0, 0, 0, '.->es', 'sobsc', '.->escape(ASD).', '.->es', '.->escape(', 102, 0, '2015-12-28 15:46:37'),
(1799, '.->escape(13', 0, 0, 0, 0, '.->es', 'sobsc', '.->escape(ASD).', '.->es', '.->escape(', 102, 0, '2015-12-28 15:46:37'),
(1800, '.->escape(13', 0, 0, 0, 0, '.->es', 'sobsc', '.->escape(ASD).', '.->es', '.->escape(', 102, 0, '2015-12-28 15:46:37'),
(1801, '.->escape(13', 0, 0, 0, 0, '.->es', 'sobsc', '.->escape(ASD).', '.->es', '.->escape(', 102, 0, '2015-12-28 15:46:37'),
(1802, '.->escape(13', 0, 0, 0, 0, '.->es', 'sobsc', '.->escape(ASD).', '.->es', '.->escape(', 102, 0, '2015-12-28 15:46:37'),
(1803, '.->escape(13', 0, 0, 0, 0, '.->es', 'sobsc', '.->escape(ASD).', '.->es', '.->escape(', 102, 0, '2015-12-28 15:46:37'),
(1804, '.->escape(13', 0, 0, 0, 0, '.->es', 'sobsc', '.->escape(ASD).', '.->es', '.->escape(', 102, 0, '2015-12-28 15:46:37'),
(1805, '.->escape(13', 0, 0, 0, 0, '.->es', 'sobsc', '.->escape(ASD).', '.->es', '.->escape(', 102, 0, '2015-12-28 15:46:37'),
(1806, '.->escape(13', 0, 0, 0, 0, '.->es', 'sobsc', '.->escape(ASD).', '.->es', '.->escape(', 102, 0, '2015-12-28 15:46:37'),
(1807, '.->escape(13', 0, 0, 0, 0, '.->es', 'sobsc', '.->escape(ASD).', '.->es', '.->escape(', 102, 0, '2015-12-28 15:46:37'),
(1808, '.->escape(13', 0, 0, 0, 0, '.->es', 'sobsc', '.->escape(ASD).', '.->es', '.->escape(', 102, 0, '2015-12-28 15:46:37'),
(1809, '.->escape(13', 0, 0, 0, 0, '.->es', 'sobsc', '.->escape(ASD).', '.->es', '.->escape(', 102, 0, '2015-12-28 15:46:37'),
(1810, '.->escape(13', 0, 0, 0, 0, '.->es', 'sobsc', '.->escape(ASD).', '.->es', '.->escape(', 102, 0, '2015-12-28 15:46:37'),
(1811, '.->escape(13', 0, 0, 0, 0, '.->es', 'sobsc', '.->escape(ASD).', '.->es', '.->escape(', 102, 0, '2015-12-28 15:46:37'),
(1812, '.->escape(13', 0, 0, 0, 0, '.->es', 'sobsc', '.->escape(ASD).', '.->es', '.->escape(', 102, 0, '2015-12-28 15:46:37'),
(1813, '.->escape(13', 0, 0, 0, 0, '.->es', 'sobsc', '.->escape(ASD).', '.->es', '.->escape(', 102, 0, '2015-12-28 15:46:37'),
(1814, '.->escape(13', 0, 0, 0, 0, '.->es', 'sobsc', '.->escape(ASD).', '.->es', '.->escape(', 102, 0, '2015-12-28 15:46:37'),
(1815, '.->escape(13', 0, 0, 0, 0, '.->es', 'sobsc', '.->escape(ASD).', '.->es', '.->escape(', 102, 0, '2015-12-28 15:46:37'),
(1816, '.->escape(13', 0, 0, 0, 0, '.->es', 'sobsc', '.->escape(ASD).', '.->es', '.->escape(', 102, 0, '2015-12-28 15:46:37'),
(1817, '.->escape(13', 0, 0, 0, 0, '.->es', 'sobsc', '.->escape(ASD).', '.->es', '.->escape(', 102, 0, '2015-12-28 15:46:37'),
(1818, '.->escape(13', 0, 0, 0, 0, '.->es', 'sobsc', '.->escape(ASD).', '.->es', '.->escape(', 102, 0, '2015-12-28 15:46:37'),
(1819, '.->escape(13', 0, 0, 0, 0, '.->es', 'sobsc', '.->escape(ASD).', '.->es', '.->escape(', 102, 0, '2015-12-28 15:46:37'),
(1820, '.->escape(13', 0, 0, 0, 0, '.->es', 'sobsc', '.->escape(ASD).', '.->es', '.->escape(', 102, 0, '2015-12-28 15:46:37'),
(1821, '.->escape(13', 0, 0, 0, 0, '.->es', 'sobsc', '.->escape(ASD).', '.->es', '.->escape(', 102, 0, '2015-12-28 15:46:37'),
(1822, '.->escape(13', 0, 0, 0, 0, '.->es', 'sobsc', '.->escape(ASD).', '.->es', '.->escape(', 102, 0, '2015-12-28 15:46:37'),
(1823, '.->escape(13', 0, 0, 0, 0, '.->es', 'sobsc', '.->escape(ASD).', '.->es', '.->escape(', 102, 0, '2015-12-28 15:46:37'),
(1824, '.->escape(13', 0, 0, 0, 0, '.->es', 'sobsc', '.->escape(ASD).', '.->es', '.->escape(', 102, 0, '2015-12-28 15:46:37'),
(1825, '.->escape(13', 0, 0, 0, 0, '.->es', 'sobsc', '.->escape(ASD).', '.->es', '.->escape(', 102, 0, '2015-12-28 15:46:37'),
(1826, '.->escape(13', 0, 0, 0, 0, '.->es', 'sobsc', '.->escape(ASD).', '.->es', '.->escape(', 102, 0, '2015-12-28 15:46:37'),
(1827, '.->escape(13', 0, 0, 0, 0, '.->es', 'sobsc', '.->escape(ASD).', '.->es', '.->escape(', 102, 0, '2015-12-28 15:46:37'),
(1828, '.->escape(13', 0, 0, 0, 0, '.->es', 'sobsc', '.->escape(ASD).', '.->es', '.->escape(', 102, 0, '2015-12-28 15:46:37'),
(1829, '.->escape(13', 0, 0, 0, 0, '.->es', 'sobsc', '.->escape(ASD).', '.->es', '.->escape(', 102, 0, '2015-12-28 15:46:37'),
(1830, '.->escape(13', 0, 0, 0, 0, '.->es', 'sobsc', '.->escape(ASD).', '.->es', '.->escape(', 102, 0, '2015-12-28 15:46:37'),
(1831, '.->escape(13', 0, 0, 0, 0, '.->es', 'sobsc', '.->escape(ASD).', '.->es', '.->escape(', 102, 0, '2015-12-28 15:46:37'),
(1832, '.->escape(13', 0, 0, 0, 0, '.->es', 'sobsc', '.->escape(ASD).', '.->es', '.->escape(', 102, 0, '2015-12-28 15:46:37'),
(1833, '.->escape(13', 0, 0, 0, 0, '.->es', 'sobsc', '.->escape(ASD).', '.->es', '.->escape(', 102, 0, '2015-12-28 15:46:37'),
(1834, '.->escape(13', 0, 0, 0, 0, '.->es', 'sobsc', '.->escape(ASD).', '.->es', '.->escape(', 102, 0, '2015-12-28 15:46:37'),
(1835, '.->escape(12', 0, 0, 0, 0, '.->es', 'sobsc', '.->escape(ASD).', '.->es', '.->escape(', 102, 0, '2015-12-28 15:46:37'),
(1836, '.->escape(13', 0, 0, 0, 0, '.->es', 'sobsc', '.->escape(ASD).', '.->es', '.->escape(', 102, 0, '2015-12-28 15:46:37'),
(1837, '.->escape(12', 0, 0, 0, 0, '.->es', 'sobsc', '.->escape(ASD).', '.->es', '.->escape(', 102, 0, '2015-12-28 15:46:37'),
(1838, '.->escape(13', 0, 0, 0, 0, '.->es', 'sobsc', '.->escape(ASD).', '.->es', '.->escape(', 102, 0, '2015-12-28 15:46:37'),
(1839, '.->escape().', 0, 0, 0, 0, '.->es', 'sobsc', '.->escape(ASD).', '.->es', '.->escape(', 102, 0, '2015-12-28 15:46:37'),
(1840, '.->escape().', 0, 0, 0, 0, '.->es', 'sobsc', '.->escape(ASD).', '.->es', '.->escape(', 102, 0, '2015-12-28 15:46:37'),
(1841, '.->escape().', 0, 0, 0, 0, '.->es', 'sobsc', '.->escape(ASD).', '.->es', '.->escape(', 102, 0, '2015-12-28 15:46:37'),
(1842, '.->escape().', 0, 0, 0, 0, '.->es', 'sobsc', '.->escape(ASD).', '.->es', '.->escape(', 102, 0, '2015-12-28 15:46:37'),
(1843, '.->escape().', 0, 0, 0, 0, '.->es', 'sobsc', '.->escape(ASD).', '.->es', '.->escape(', 102, 0, '2015-12-28 15:46:37'),
(1844, '.->escape(Da', 0, 0, 0, 0, '.->es', 'sobsc', '.->escape(ASD).', '.->es', '.->escape(', 102, 0, '2015-12-28 15:46:37'),
(1845, '.->escape(Si', 0, 0, 0, 0, '.->es', 'sobsc', '.->escape(ASD).', '.->es', '.->escape(', 102, 0, '2015-12-28 15:46:37'),
(1846, '13/IEC/001', 20, 20, 24, 64, 'B', 'sobt', 'DEPOT', '6', 'CSE-302', 104, 0, '2015-12-28 15:46:37'),
(1847, '13/IEC/034', 12, 17, 15, 44, 'C', 'sobt', 'DEPOT', '6', 'CSE-302', 104, 0, '2015-12-28 15:46:37'),
(1848, '13/IEC/002', 20, 21, 42, 83, 'Ex', 'sobt', 'DEPOT', '6', 'CSE-302', 104, 0, '2015-12-28 15:46:37'),
(1849, '13/IEC/036', 6, 7, 8, 21, 'F', 'sobt', 'DEPOT', '6', 'CSE-302', 104, 0, '2015-12-28 15:46:37'),
(1850, '13/IEC/003', 6, 19, 23, 48, 'C', 'sobt', 'DEPOT', '6', 'CSE-302', 104, 0, '2015-12-28 15:46:37'),
(1851, '13/IEC/037', 12, 22, 27, 61, 'B', 'sobt', 'DEPOT', '6', 'CSE-302', 104, 0, '2015-12-28 15:46:37'),
(1852, '13/IEC/004', 22, 22, 42, 86, 'Ex', 'sobt', 'DEPOT', '6', 'CSE-302', 104, 0, '2015-12-28 15:46:37'),
(1853, '13/IEC/038', 14, 8, 14, 36, 'C', 'sobt', 'DEPOT', '6', 'CSE-302', 104, 0, '2015-12-28 15:46:37'),
(1854, '13/IEC/005', 23, 14, 23, 60, 'B', 'sobt', 'DEPOT', '6', 'CSE-302', 104, 0, '2015-12-28 15:46:37'),
(1855, '13/IEC/040', 16, 17, 19, 52, 'B', 'sobt', 'DEPOT', '6', 'CSE-302', 104, 0, '2015-12-28 15:46:37'),
(1856, '13/IEC/006', 12, 10, 15, 37, 'C', 'sobt', 'DEPOT', '6', 'CSE-302', 104, 0, '2015-12-28 15:46:37'),
(1857, '13/IEC/041', 14, 21, 30, 65, 'A', 'sobt', 'DEPOT', '6', 'CSE-302', 104, 0, '2015-12-28 15:46:37'),
(1858, '13/IEC/007', 23, 21, 36, 80, 'Ex', 'sobt', 'DEPOT', '6', 'CSE-302', 104, 0, '2015-12-28 15:46:37'),
(1859, '13/IEC/042', 18, 19, 32, 69, 'A', 'sobt', 'DEPOT', '6', 'CSE-302', 104, 0, '2015-12-28 15:46:37'),
(1860, '13/IEC/008', 10, 21, 33, 64, 'B', 'sobt', 'DEPOT', '6', 'CSE-302', 104, 0, '2015-12-28 15:46:37'),
(1861, '13/IEC/043', 16, 21, 36, 73, 'A', 'sobt', 'DEPOT', '6', 'CSE-302', 104, 0, '2015-12-28 15:46:37'),
(1862, '13/IEC/009', 12, 17, 19, 48, 'C', 'sobt', 'DEPOT', '6', 'CSE-302', 104, 0, '2015-12-28 15:46:37'),
(1863, '13/IEC/044', 14, 15, 16, 45, 'C', 'sobt', 'DEPOT', '6', 'CSE-302', 104, 0, '2015-12-28 15:46:37'),
(1864, '13/IEC/010', 22, 22, 46, 90, 'Ex', 'sobt', 'DEPOT', '6', 'CSE-302', 104, 0, '2015-12-28 15:46:37'),
(1865, '13/IEC/045', 18, 20, 20, 58, 'B', 'sobt', 'DEPOT', '6', 'CSE-302', 104, 0, '2015-12-28 15:46:37'),
(1866, '13/IEC/011', 10, 16, 25, 51, 'B', 'sobt', 'DEPOT', '6', 'CSE-302', 104, 0, '2015-12-28 15:46:37'),
(1867, '13/IEC/047', 4, 21, 48, 73, 'A', 'sobt', 'DEPOT', '6', 'CSE-302', 104, 0, '2015-12-28 15:46:37'),
(1868, '13/IEC/012', 4, 9, 11, 24, 'F', 'sobt', 'DEPOT', '6', 'CSE-302', 104, 0, '2015-12-28 15:46:37'),
(1869, '13/IEC/048', 10, 17, 30, 57, 'B', 'sobt', 'DEPOT', '6', 'CSE-302', 104, 0, '2015-12-28 15:46:37'),
(1870, '13/IEC/013', 18, 17, 29, 64, 'B', 'sobt', 'DEPOT', '6', 'CSE-302', 104, 0, '2015-12-28 15:46:37'),
(1871, '13/IEC/049', 24, 21, 39, 84, 'Ex', 'sobt', 'DEPOT', '6', 'CSE-302', 104, 0, '2015-12-28 15:46:37'),
(1872, '13/IEC/014', 20, 18, 34, 72, 'A', 'sobt', 'DEPOT', '6', 'CSE-302', 104, 0, '2015-12-28 15:46:37'),
(1873, '13/IEC/050', 22, 19, 39, 80, 'Ex', 'sobt', 'DEPOT', '6', 'CSE-302', 104, 0, '2015-12-28 15:46:37'),
(1874, '13/IEC/015', 20, 24, 48, 92, 'Ex', 'sobt', 'DEPOT', '6', 'CSE-302', 104, 0, '2015-12-28 15:46:37'),
(1875, '13/IEC/051', 20, 21, 40, 81, 'Ex', 'sobt', 'DEPOT', '6', 'CSE-302', 104, 0, '2015-12-28 15:46:37'),
(1876, '13/IEC/016', 20, 20, 23, 63, 'B', 'sobt', 'DEPOT', '6', 'CSE-302', 104, 0, '2015-12-28 15:46:37'),
(1877, '13/IEC/052', 17, 21, 31, 69, 'A', 'sobt', 'DEPOT', '6', 'CSE-302', 104, 0, '2015-12-28 15:46:37'),
(1878, '13/IEC/017', 12, 8, 15, 35, 'C', 'sobt', 'DEPOT', '6', 'CSE-302', 104, 0, '2015-12-28 15:46:37'),
(1879, '13/IEC/053', 14, 13, 16, 43, 'C', 'sobt', 'DEPOT', '6', 'CSE-302', 104, 0, '2015-12-28 15:46:37'),
(1880, '13/IEC/018', 18, 10, 19, 47, 'C', 'sobt', 'DEPOT', '6', 'CSE-302', 104, 0, '2015-12-28 15:46:37'),
(1881, '13/IEC/054', 14, 20, 21, 55, 'B', 'sobt', 'DEPOT', '6', 'CSE-302', 104, 0, '2015-12-28 15:46:37'),
(1882, '13/IEC/019', 22, 18, 45, 85, 'Ex', 'sobt', 'DEPOT', '6', 'CSE-302', 104, 0, '2015-12-28 15:46:37'),
(1883, '13/IEC/055', 20, 20, 40, 80, 'Ex', 'sobt', 'DEPOT', '6', 'CSE-302', 104, 0, '2015-12-28 15:46:37'),
(1884, '13/IEC/020', 22, 22, 30, 74, 'A', 'sobt', 'DEPOT', '6', 'CSE-302', 104, 0, '2015-12-28 15:46:37'),
(1885, '13/IEC/056', 15, 21, 19, 55, 'B', 'sobt', 'DEPOT', '6', 'CSE-302', 104, 0, '2015-12-28 15:46:37'),
(1886, '13/IEC/021', 12, 11, 19, 42, 'C', 'sobt', 'DEPOT', '6', 'CSE-302', 104, 0, '2015-12-28 15:46:37'),
(1887, '13/IEC/057', 12, 9, 15, 36, 'C', 'sobt', 'DEPOT', '6', 'CSE-302', 104, 0, '2015-12-28 15:46:37'),
(1888, '13/IEC/022', 18, 19, 25, 62, 'B', 'sobt', 'DEPOT', '6', 'CSE-302', 104, 0, '2015-12-28 15:46:37'),
(1889, '13/IEC/058', 8, 20, 22, 50, 'B', 'sobt', 'DEPOT', '6', 'CSE-302', 104, 0, '2015-12-28 15:46:37'),
(1890, '13/IEC/023', 22, 18, 32, 72, 'A', 'sobt', 'DEPOT', '6', 'CSE-302', 104, 0, '2015-12-28 15:46:37'),
(1891, '13/IEC/059', 20, 21, 46, 87, 'Ex', 'sobt', 'DEPOT', '6', 'CSE-302', 104, 0, '2015-12-28 15:46:37'),
(1892, '13/IEC/025', 20, 17, 26, 63, 'B', 'sobt', 'DEPOT', '6', 'CSE-302', 104, 0, '2015-12-28 15:46:37'),
(1893, '13/IEC/060', 20, 21, 45, 86, 'Ex', 'sobt', 'DEPOT', '6', 'CSE-302', 104, 0, '2015-12-28 15:46:37'),
(1894, '13/IEC/026', 20, 20, 35, 75, 'A', 'sobt', 'DEPOT', '6', 'CSE-302', 104, 0, '2015-12-28 15:46:37'),
(1895, '13/IEC/061', 14, 21, 31, 66, 'A', 'sobt', 'DEPOT', '6', 'CSE-302', 104, 0, '2015-12-28 15:46:37'),
(1896, '13/IEC/027', 20, 16, 14, 50, 'B', 'sobt', 'DEPOT', '6', 'CSE-302', 104, 0, '2015-12-28 15:46:37'),
(1897, '13/IEC/062', 14, 14, 29, 57, 'B', 'sobt', 'DEPOT', '6', 'CSE-302', 104, 0, '2015-12-28 15:46:37'),
(1898, '13/IEC/028', 13, 20, 25, 58, 'B', 'sobt', 'DEPOT', '6', 'CSE-302', 104, 0, '2015-12-28 15:46:37'),
(1899, '13/IEC/063', 16, 20, 38, 74, 'A', 'sobt', 'DEPOT', '6', 'CSE-302', 104, 0, '2015-12-28 15:46:37'),
(1900, '13/IEC/029', 22, 21, 38, 81, 'Ex', 'sobt', 'DEPOT', '6', 'CSE-302', 104, 0, '2015-12-28 15:46:37'),
(1901, '12/IEC/019', 0, 14, 0, 14, 'F', 'sobt', 'DEPOT', '6', 'CSE-302', 104, 0, '2015-12-28 15:46:37'),
(1902, '13/IEC/032', 23, 21, 36, 80, 'Ex', 'sobt', 'DEPOT', '6', 'CSE-302', 104, 0, '2015-12-28 15:46:37'),
(1903, '12/IEC/039', 0, 13, 0, 13, 'F', 'sobt', 'DEPOT', '6', 'CSE-302', 104, 0, '2015-12-28 15:46:37'),
(1904, '13/IEC/033', 14, 22, 19, 55, 'B', 'sobt', 'DEPOT', '6', 'CSE-302', 104, 0, '2015-12-28 15:46:37'),
(1905, '', 0, 0, 0, 0, '', 'sobt', 'DEPOT', '6', 'CSE-302', 104, 0, '2015-12-28 15:46:37'),
(1906, '', 0, 0, 0, 0, '', 'sobt', 'DEPOT', '6', 'CSE-302', 104, 0, '2015-12-28 15:46:37'),
(1907, '', 0, 0, 0, 0, '', 'sobt', 'DEPOT', '6', 'CSE-302', 104, 0, '2015-12-28 15:46:37'),
(1908, '', 0, 0, 0, 0, '', 'sobt', 'DEPOT', '6', 'CSE-302', 104, 0, '2015-12-28 15:46:37'),
(1909, '', 0, 0, 0, 0, '', 'sobt', 'DEPOT', '6', 'CSE-302', 104, 0, '2015-12-28 15:46:37'),
(1910, 'Date:', 0, 0, 0, 0, '', 'sobt', 'DEPOT', '6', 'CSE-302', 104, 0, '2015-12-28 15:46:37'),
(1911, 'Signature:', 0, 0, 0, 0, '', 'sobt', 'DEPOT', '6', 'CSE-302', 104, 0, '2015-12-28 15:46:37'),
(1912, '13/IEC/001', 20, 20, 24, 64, 'B', 'soict', 'DEPOT2', '6', 'CSE-302', 105, 1, '2015-12-28 15:46:37'),
(1913, '13/IEC/034', 12, 17, 15, 44, 'C', 'soict', 'DEPOT2', '6', 'CSE-302', 105, 1, '2015-12-28 15:46:37'),
(1914, '13/IEC/002', 20, 21, 42, 83, 'Ex', 'soict', 'DEPOT2', '6', 'CSE-302', 105, 1, '2015-12-28 15:46:37'),
(1915, '13/IEC/036', 6, 7, 8, 21, 'F', 'soict', 'DEPOT2', '6', 'CSE-302', 105, 1, '2015-12-28 15:46:37'),
(1916, '13/IEC/003', 6, 19, 23, 48, 'C', 'soict', 'DEPOT2', '6', 'CSE-302', 105, 1, '2015-12-28 15:46:37'),
(1917, '13/IEC/037', 12, 22, 27, 61, 'B', 'soict', 'DEPOT2', '6', 'CSE-302', 105, 1, '2015-12-28 15:46:37'),
(1918, '13/IEC/004', 22, 22, 42, 86, 'Ex', 'soict', 'DEPOT2', '6', 'CSE-302', 105, 1, '2015-12-28 15:46:37'),
(1919, '13/IEC/038', 14, 8, 14, 36, 'C', 'soict', 'DEPOT2', '6', 'CSE-302', 105, 1, '2015-12-28 15:46:37'),
(1920, '13/IEC/005', 23, 14, 23, 60, 'B', 'soict', 'DEPOT2', '6', 'CSE-302', 105, 1, '2015-12-28 15:46:37'),
(1921, '13/IEC/040', 16, 17, 19, 52, 'B', 'soict', 'DEPOT2', '6', 'CSE-302', 105, 1, '2015-12-28 15:46:37'),
(1922, '13/IEC/006', 12, 10, 15, 37, 'C', 'soict', 'DEPOT2', '6', 'CSE-302', 105, 1, '2015-12-28 15:46:37'),
(1923, '13/IEC/041', 14, 21, 30, 65, 'A', 'soict', 'DEPOT2', '6', 'CSE-302', 105, 1, '2015-12-28 15:46:37'),
(1924, '13/IEC/007', 23, 21, 36, 80, 'Ex', 'soict', 'DEPOT2', '6', 'CSE-302', 105, 1, '2015-12-28 15:46:37'),
(1925, '13/IEC/042', 18, 19, 32, 69, 'A', 'soict', 'DEPOT2', '6', 'CSE-302', 105, 1, '2015-12-28 15:46:37'),
(1926, '13/IEC/008', 10, 21, 33, 64, 'B', 'soict', 'DEPOT2', '6', 'CSE-302', 105, 1, '2015-12-28 15:46:37'),
(1927, '13/IEC/043', 16, 21, 36, 73, 'A', 'soict', 'DEPOT2', '6', 'CSE-302', 105, 1, '2015-12-28 15:46:37'),
(1928, '13/IEC/009', 12, 17, 19, 48, 'C', 'soict', 'DEPOT2', '6', 'CSE-302', 105, 1, '2015-12-28 15:46:37'),
(1929, '13/IEC/044', 14, 15, 16, 45, 'C', 'soict', 'DEPOT2', '6', 'CSE-302', 105, 1, '2015-12-28 15:46:37'),
(1930, '13/IEC/010', 22, 22, 46, 90, 'Ex', 'soict', 'DEPOT2', '6', 'CSE-302', 105, 1, '2015-12-28 15:46:37'),
(1931, '13/IEC/045', 18, 20, 20, 58, 'B', 'soict', 'DEPOT2', '6', 'CSE-302', 105, 1, '2015-12-28 15:46:37'),
(1932, '13/IEC/011', 10, 16, 25, 51, 'B', 'soict', 'DEPOT2', '6', 'CSE-302', 105, 1, '2015-12-28 15:46:37'),
(1933, '13/IEC/047', 4, 21, 48, 73, 'A', 'soict', 'DEPOT2', '6', 'CSE-302', 105, 1, '2015-12-28 15:46:37'),
(1934, '13/IEC/012', 4, 9, 11, 24, 'F', 'soict', 'DEPOT2', '6', 'CSE-302', 105, 1, '2015-12-28 15:46:37'),
(1935, '13/IEC/048', 10, 17, 30, 57, 'B', 'soict', 'DEPOT2', '6', 'CSE-302', 105, 1, '2015-12-28 15:46:37'),
(1936, '13/IEC/013', 18, 17, 29, 64, 'B', 'soict', 'DEPOT2', '6', 'CSE-302', 105, 1, '2015-12-28 15:46:37'),
(1937, '13/IEC/049', 24, 21, 39, 84, 'Ex', 'soict', 'DEPOT2', '6', 'CSE-302', 105, 1, '2015-12-28 15:46:37'),
(1938, '13/IEC/014', 20, 18, 34, 72, 'A', 'soict', 'DEPOT2', '6', 'CSE-302', 105, 1, '2015-12-28 15:46:37'),
(1939, '13/IEC/050', 22, 19, 39, 80, 'Ex', 'soict', 'DEPOT2', '6', 'CSE-302', 105, 1, '2015-12-28 15:46:37'),
(1940, '13/IEC/015', 20, 24, 48, 92, 'Ex', 'soict', 'DEPOT2', '6', 'CSE-302', 105, 1, '2015-12-28 15:46:37'),
(1941, '13/IEC/051', 20, 21, 40, 81, 'Ex', 'soict', 'DEPOT2', '6', 'CSE-302', 105, 1, '2015-12-28 15:46:37'),
(1942, '13/IEC/016', 20, 20, 23, 63, 'B', 'soict', 'DEPOT2', '6', 'CSE-302', 105, 1, '2015-12-28 15:46:37'),
(1943, '13/IEC/052', 17, 21, 31, 69, 'A', 'soict', 'DEPOT2', '6', 'CSE-302', 105, 1, '2015-12-28 15:46:37'),
(1944, '13/IEC/017', 12, 8, 15, 35, 'C', 'soict', 'DEPOT2', '6', 'CSE-302', 105, 1, '2015-12-28 15:46:37'),
(1945, '13/IEC/053', 14, 13, 16, 43, 'C', 'soict', 'DEPOT2', '6', 'CSE-302', 105, 1, '2015-12-28 15:46:37'),
(1946, '13/IEC/018', 18, 10, 19, 47, 'C', 'soict', 'DEPOT2', '6', 'CSE-302', 105, 1, '2015-12-28 15:46:37'),
(1947, '13/IEC/054', 14, 20, 21, 55, 'B', 'soict', 'DEPOT2', '6', 'CSE-302', 105, 1, '2015-12-28 15:46:37'),
(1948, '13/IEC/019', 22, 18, 45, 85, 'Ex', 'soict', 'DEPOT2', '6', 'CSE-302', 105, 1, '2015-12-28 15:46:37'),
(1949, '13/IEC/055', 20, 20, 40, 80, 'Ex', 'soict', 'DEPOT2', '6', 'CSE-302', 105, 1, '2015-12-28 15:46:37'),
(1950, '13/IEC/020', 22, 22, 30, 74, 'A', 'soict', 'DEPOT2', '6', 'CSE-302', 105, 1, '2015-12-28 15:46:37'),
(1951, '13/IEC/056', 15, 21, 19, 55, 'B', 'soict', 'DEPOT2', '6', 'CSE-302', 105, 1, '2015-12-28 15:46:37'),
(1952, '13/IEC/021', 12, 11, 19, 42, 'C', 'soict', 'DEPOT2', '6', 'CSE-302', 105, 1, '2015-12-28 15:46:37'),
(1953, '13/IEC/057', 12, 9, 15, 36, 'C', 'soict', 'DEPOT2', '6', 'CSE-302', 105, 1, '2015-12-28 15:46:37'),
(1954, '13/IEC/022', 18, 19, 25, 62, 'B', 'soict', 'DEPOT2', '6', 'CSE-302', 105, 1, '2015-12-28 15:46:37'),
(1955, '13/IEC/058', 8, 20, 22, 50, 'B', 'soict', 'DEPOT2', '6', 'CSE-302', 105, 1, '2015-12-28 15:46:37'),
(1956, '13/IEC/023', 22, 18, 32, 72, 'A', 'soict', 'DEPOT2', '6', 'CSE-302', 105, 1, '2015-12-28 15:46:37'),
(1957, '13/IEC/059', 20, 21, 46, 87, 'Ex', 'soict', 'DEPOT2', '6', 'CSE-302', 105, 1, '2015-12-28 15:46:37'),
(1958, '13/IEC/025', 20, 17, 26, 63, 'B', 'soict', 'DEPOT2', '6', 'CSE-302', 105, 1, '2015-12-28 15:46:37'),
(1959, '13/IEC/060', 20, 21, 45, 86, 'Ex', 'soict', 'DEPOT2', '6', 'CSE-302', 105, 1, '2015-12-28 15:46:37'),
(1960, '13/IEC/026', 20, 20, 35, 75, 'A', 'soict', 'DEPOT2', '6', 'CSE-302', 105, 1, '2015-12-28 15:46:37'),
(1961, '13/IEC/061', 14, 21, 31, 66, 'A', 'soict', 'DEPOT2', '6', 'CSE-302', 105, 1, '2015-12-28 15:46:37'),
(1962, '13/IEC/027', 20, 16, 14, 50, 'B', 'soict', 'DEPOT2', '6', 'CSE-302', 105, 1, '2015-12-28 15:46:37'),
(1963, '13/IEC/062', 14, 14, 29, 57, 'B', 'soict', 'DEPOT2', '6', 'CSE-302', 105, 1, '2015-12-28 15:46:37'),
(1964, '13/IEC/028', 13, 20, 25, 58, 'B', 'soict', 'DEPOT2', '6', 'CSE-302', 105, 1, '2015-12-28 15:46:37');
INSERT INTO `rs_school` (`S_No`, `Roll_No`, `S_M`, `M_T`, `E_T`, `Total`, `Grades`, `School`, `Department`, `Semester`, `Course_Code`, `Sheet_Id`, `Published`, `Timestamp`) VALUES
(1965, '13/IEC/063', 16, 20, 38, 74, 'A', 'soict', 'DEPOT2', '6', 'CSE-302', 105, 1, '2015-12-28 15:46:37'),
(1966, '13/IEC/029', 22, 21, 38, 81, 'Ex', 'soict', 'DEPOT2', '6', 'CSE-302', 105, 1, '2015-12-28 15:46:37'),
(1967, '12/IEC/019', 0, 14, 0, 14, 'F', 'soict', 'DEPOT2', '6', 'CSE-302', 105, 1, '2015-12-28 15:46:37'),
(1968, '13/IEC/032', 23, 21, 36, 80, 'Ex', 'soict', 'DEPOT2', '6', 'CSE-302', 105, 1, '2015-12-28 15:46:37'),
(1969, '12/IEC/039', 0, 13, 0, 13, 'F', 'soict', 'DEPOT2', '6', 'CSE-302', 105, 1, '2015-12-28 15:46:37'),
(1970, '13/IEC/033', 14, 22, 19, 55, 'B', 'soict', 'DEPOT2', '6', 'CSE-302', 105, 1, '2015-12-28 15:46:37'),
(1971, '', 0, 0, 0, 0, '', 'soict', 'DEPOT2', '6', 'CSE-302', 105, 1, '2015-12-28 15:46:37'),
(1972, '', 0, 0, 0, 0, '', 'soict', 'DEPOT2', '6', 'CSE-302', 105, 1, '2015-12-28 15:46:37'),
(1973, '', 0, 0, 0, 0, '', 'soict', 'DEPOT2', '6', 'CSE-302', 105, 1, '2015-12-28 15:46:37'),
(1974, '', 0, 0, 0, 0, '', 'soict', 'DEPOT2', '6', 'CSE-302', 105, 1, '2015-12-28 15:46:37'),
(1975, '', 0, 0, 0, 0, '', 'soict', 'DEPOT2', '6', 'CSE-302', 105, 1, '2015-12-28 15:46:37'),
(1976, 'Date:', 0, 0, 0, 0, '', 'soict', 'DEPOT2', '6', 'CSE-302', 105, 1, '2015-12-28 15:46:37'),
(1977, 'Signature:', 0, 0, 0, 0, '', 'soict', 'DEPOT2', '6', 'CSE-302', 105, 1, '2015-12-28 15:46:37'),
(1978, '13/IEC/001', 20, 20, 24, 64, 'B', 'sovsas', 'qwe', 'qwe', 'qwe', 106, 0, '2015-12-28 15:46:37'),
(1979, '13/IEC/034', 12, 17, 15, 44, 'C', 'sovsas', 'qwe', 'qwe', 'qwe', 106, 0, '2015-12-28 15:46:37'),
(1980, '13/IEC/002', 20, 21, 42, 83, 'Ex', 'sovsas', 'qwe', 'qwe', 'qwe', 106, 0, '2015-12-28 15:46:37'),
(1981, '13/IEC/036', 6, 7, 8, 21, 'F', 'sovsas', 'qwe', 'qwe', 'qwe', 106, 0, '2015-12-28 15:46:37'),
(1982, '13/IEC/003', 6, 19, 23, 48, 'C', 'sovsas', 'qwe', 'qwe', 'qwe', 106, 0, '2015-12-28 15:46:37'),
(1983, '13/IEC/037', 12, 22, 27, 61, 'B', 'sovsas', 'qwe', 'qwe', 'qwe', 106, 0, '2015-12-28 15:46:37'),
(1984, '13/IEC/004', 22, 22, 42, 86, 'Ex', 'sovsas', 'qwe', 'qwe', 'qwe', 106, 0, '2015-12-28 15:46:37'),
(1985, '13/IEC/038', 14, 8, 14, 36, 'C', 'sovsas', 'qwe', 'qwe', 'qwe', 106, 0, '2015-12-28 15:46:37'),
(1986, '13/IEC/005', 23, 14, 23, 60, 'B', 'sovsas', 'qwe', 'qwe', 'qwe', 106, 0, '2015-12-28 15:46:37'),
(1987, '13/IEC/040', 16, 17, 19, 52, 'B', 'sovsas', 'qwe', 'qwe', 'qwe', 106, 0, '2015-12-28 15:46:37'),
(1988, '13/IEC/006', 12, 10, 15, 37, 'C', 'sovsas', 'qwe', 'qwe', 'qwe', 106, 0, '2015-12-28 15:46:37'),
(1989, '13/IEC/041', 14, 21, 30, 65, 'A', 'sovsas', 'qwe', 'qwe', 'qwe', 106, 0, '2015-12-28 15:46:37'),
(1990, '13/IEC/007', 23, 21, 36, 80, 'Ex', 'sovsas', 'qwe', 'qwe', 'qwe', 106, 0, '2015-12-28 15:46:37'),
(1991, '13/IEC/042', 18, 19, 32, 69, 'A', 'sovsas', 'qwe', 'qwe', 'qwe', 106, 0, '2015-12-28 15:46:37'),
(1992, '13/IEC/008', 10, 21, 33, 64, 'B', 'sovsas', 'qwe', 'qwe', 'qwe', 106, 0, '2015-12-28 15:46:37'),
(1993, '13/IEC/043', 16, 21, 36, 73, 'A', 'sovsas', 'qwe', 'qwe', 'qwe', 106, 0, '2015-12-28 15:46:37'),
(1994, '13/IEC/009', 12, 17, 19, 48, 'C', 'sovsas', 'qwe', 'qwe', 'qwe', 106, 0, '2015-12-28 15:46:37'),
(1995, '13/IEC/044', 14, 15, 16, 45, 'C', 'sovsas', 'qwe', 'qwe', 'qwe', 106, 0, '2015-12-28 15:46:37'),
(1996, '13/IEC/010', 22, 22, 46, 90, 'Ex', 'sovsas', 'qwe', 'qwe', 'qwe', 106, 0, '2015-12-28 15:46:37'),
(1997, '13/IEC/045', 18, 20, 20, 58, 'B', 'sovsas', 'qwe', 'qwe', 'qwe', 106, 0, '2015-12-28 15:46:37'),
(1998, '13/IEC/011', 10, 16, 25, 51, 'B', 'sovsas', 'qwe', 'qwe', 'qwe', 106, 0, '2015-12-28 15:46:37'),
(1999, '13/IEC/047', 4, 21, 48, 73, 'A', 'sovsas', 'qwe', 'qwe', 'qwe', 106, 0, '2015-12-28 15:46:37'),
(2000, '13/IEC/012', 4, 9, 11, 24, 'F', 'sovsas', 'qwe', 'qwe', 'qwe', 106, 0, '2015-12-28 15:46:37'),
(2001, '13/IEC/048', 10, 17, 30, 57, 'B', 'sovsas', 'qwe', 'qwe', 'qwe', 106, 0, '2015-12-28 15:46:37'),
(2002, '13/IEC/013', 18, 17, 29, 64, 'B', 'sovsas', 'qwe', 'qwe', 'qwe', 106, 0, '2015-12-28 15:46:37'),
(2003, '13/IEC/049', 24, 21, 39, 84, 'Ex', 'sovsas', 'qwe', 'qwe', 'qwe', 106, 0, '2015-12-28 15:46:37'),
(2004, '13/IEC/014', 20, 18, 34, 72, 'A', 'sovsas', 'qwe', 'qwe', 'qwe', 106, 0, '2015-12-28 15:46:37'),
(2005, '13/IEC/050', 22, 19, 39, 80, 'Ex', 'sovsas', 'qwe', 'qwe', 'qwe', 106, 0, '2015-12-28 15:46:37'),
(2006, '13/IEC/015', 20, 24, 48, 92, 'Ex', 'sovsas', 'qwe', 'qwe', 'qwe', 106, 0, '2015-12-28 15:46:37'),
(2007, '13/IEC/051', 20, 21, 40, 81, 'Ex', 'sovsas', 'qwe', 'qwe', 'qwe', 106, 0, '2015-12-28 15:46:37'),
(2008, '13/IEC/016', 20, 20, 23, 63, 'B', 'sovsas', 'qwe', 'qwe', 'qwe', 106, 0, '2015-12-28 15:46:37'),
(2009, '13/IEC/052', 17, 21, 31, 69, 'A', 'sovsas', 'qwe', 'qwe', 'qwe', 106, 0, '2015-12-28 15:46:37'),
(2010, '13/IEC/017', 12, 8, 15, 35, 'C', 'sovsas', 'qwe', 'qwe', 'qwe', 106, 0, '2015-12-28 15:46:37'),
(2011, '13/IEC/053', 14, 13, 16, 43, 'C', 'sovsas', 'qwe', 'qwe', 'qwe', 106, 0, '2015-12-28 15:46:37'),
(2012, '13/IEC/018', 18, 10, 19, 47, 'C', 'sovsas', 'qwe', 'qwe', 'qwe', 106, 0, '2015-12-28 15:46:37'),
(2013, '13/IEC/054', 14, 20, 21, 55, 'B', 'sovsas', 'qwe', 'qwe', 'qwe', 106, 0, '2015-12-28 15:46:37'),
(2014, '13/IEC/019', 22, 18, 45, 85, 'Ex', 'sovsas', 'qwe', 'qwe', 'qwe', 106, 0, '2015-12-28 15:46:37'),
(2015, '13/IEC/055', 20, 20, 40, 80, 'Ex', 'sovsas', 'qwe', 'qwe', 'qwe', 106, 0, '2015-12-28 15:46:37'),
(2016, '13/IEC/020', 22, 22, 30, 74, 'A', 'sovsas', 'qwe', 'qwe', 'qwe', 106, 0, '2015-12-28 15:46:37'),
(2017, '13/IEC/056', 15, 21, 19, 55, 'B', 'sovsas', 'qwe', 'qwe', 'qwe', 106, 0, '2015-12-28 15:46:37'),
(2018, '13/IEC/021', 12, 11, 19, 42, 'C', 'sovsas', 'qwe', 'qwe', 'qwe', 106, 0, '2015-12-28 15:46:37'),
(2019, '13/IEC/057', 12, 9, 15, 36, 'C', 'sovsas', 'qwe', 'qwe', 'qwe', 106, 0, '2015-12-28 15:46:37'),
(2020, '13/IEC/022', 18, 19, 25, 62, 'B', 'sovsas', 'qwe', 'qwe', 'qwe', 106, 0, '2015-12-28 15:46:37'),
(2021, '13/IEC/058', 8, 20, 22, 50, 'B', 'sovsas', 'qwe', 'qwe', 'qwe', 106, 0, '2015-12-28 15:46:37'),
(2022, '13/IEC/023', 22, 18, 32, 72, 'A', 'sovsas', 'qwe', 'qwe', 'qwe', 106, 0, '2015-12-28 15:46:37'),
(2023, '13/IEC/059', 20, 21, 46, 87, 'Ex', 'sovsas', 'qwe', 'qwe', 'qwe', 106, 0, '2015-12-28 15:46:37'),
(2024, '13/IEC/025', 20, 17, 26, 63, 'B', 'sovsas', 'qwe', 'qwe', 'qwe', 106, 0, '2015-12-28 15:46:37'),
(2025, '13/IEC/060', 20, 21, 45, 86, 'Ex', 'sovsas', 'qwe', 'qwe', 'qwe', 106, 0, '2015-12-28 15:46:37'),
(2026, '13/IEC/026', 20, 20, 35, 75, 'A', 'sovsas', 'qwe', 'qwe', 'qwe', 106, 0, '2015-12-28 15:46:37'),
(2027, '13/IEC/061', 14, 21, 31, 66, 'A', 'sovsas', 'qwe', 'qwe', 'qwe', 106, 0, '2015-12-28 15:46:37'),
(2028, '13/IEC/027', 20, 16, 14, 50, 'B', 'sovsas', 'qwe', 'qwe', 'qwe', 106, 0, '2015-12-28 15:46:37'),
(2029, '13/IEC/062', 14, 14, 29, 57, 'B', 'sovsas', 'qwe', 'qwe', 'qwe', 106, 0, '2015-12-28 15:46:37'),
(2030, '13/IEC/028', 13, 20, 25, 58, 'B', 'sovsas', 'qwe', 'qwe', 'qwe', 106, 0, '2015-12-28 15:46:37'),
(2031, '13/IEC/063', 16, 20, 38, 74, 'A', 'sovsas', 'qwe', 'qwe', 'qwe', 106, 0, '2015-12-28 15:46:37'),
(2032, '13/IEC/029', 22, 21, 38, 81, 'Ex', 'sovsas', 'qwe', 'qwe', 'qwe', 106, 0, '2015-12-28 15:46:37'),
(2033, '12/IEC/019', 0, 14, 0, 14, 'F', 'sovsas', 'qwe', 'qwe', 'qwe', 106, 0, '2015-12-28 15:46:37'),
(2034, '13/IEC/032', 23, 21, 36, 80, 'Ex', 'sovsas', 'qwe', 'qwe', 'qwe', 106, 0, '2015-12-28 15:46:37'),
(2035, '12/IEC/039', 0, 13, 0, 13, 'F', 'sovsas', 'qwe', 'qwe', 'qwe', 106, 0, '2015-12-28 15:46:37'),
(2036, '13/IEC/033', 14, 22, 19, 55, 'B', 'sovsas', 'qwe', 'qwe', 'qwe', 106, 0, '2015-12-28 15:46:37'),
(2037, '', 0, 0, 0, 0, '', 'sovsas', 'qwe', 'qwe', 'qwe', 106, 0, '2015-12-28 15:46:37'),
(2038, '', 0, 0, 0, 0, '', 'sovsas', 'qwe', 'qwe', 'qwe', 106, 0, '2015-12-28 15:46:37'),
(2039, '', 0, 0, 0, 0, '', 'sovsas', 'qwe', 'qwe', 'qwe', 106, 0, '2015-12-28 15:46:37'),
(2040, '', 0, 0, 0, 0, '', 'sovsas', 'qwe', 'qwe', 'qwe', 106, 0, '2015-12-28 15:46:37'),
(2041, '', 0, 0, 0, 0, '', 'sovsas', 'qwe', 'qwe', 'qwe', 106, 0, '2015-12-28 15:46:37'),
(2042, 'Date:', 0, 0, 0, 0, '', 'sovsas', 'qwe', 'qwe', 'qwe', 106, 0, '2015-12-28 15:46:37'),
(2043, 'Signature:', 0, 0, 0, 0, '', 'sovsas', 'qwe', 'qwe', 'qwe', 106, 0, '2015-12-28 15:46:37');

-- --------------------------------------------------------

--
-- Table structure for table `rs_users`
--

CREATE TABLE IF NOT EXISTS `rs_users` (
  `User_Id` int(5) NOT NULL AUTO_INCREMENT,
  `School` varchar(20) NOT NULL,
  `Roll_No` varchar(20) NOT NULL,
  `Password` varchar(60) NOT NULL,
  PRIMARY KEY (`User_Id`),
  KEY `College_Id` (`School`)
) ENGINE=InnoDB  DEFAULT CHARSET=latin1 AUTO_INCREMENT=84 ;

--
-- Dumping data for table `rs_users`
--

INSERT INTO `rs_users` (`User_Id`, `School`, `Roll_No`, `Password`) VALUES
(69, 'soict', '13ics047', '$2y$10$/wYD1GrI4/FqM4oDsZTwQugaam5mCRQd2u.hKP7z9IFCmzUOy7zBa'),
(72, 'soict', '13ics022', '$2y$10$ggHqI/IT4a8/frO8wGnWyufA7KX/tSKfAaKi.k5KMI0ti8z51H2lW'),
(75, 'soict', '13ics015', '$2y$10$rRdBy/6EdciQzCjRXwBiKOUtj9AULZdUmZ1EQI.OvBsRz05Ob0.xO'),
(76, 'soe', '13ime047', '$2y$10$1g.Yr4GrcUm1WYabzcGktOb/xiLWb3cOdUwhyWhqw64SjbJUPmDES'),
(77, 'sovsas', '13ics002', '$2y$10$ivPr.T3DAltHWsfVwaTPm.lMzhxYqEFXxCGc4dJmy0EgleVgySYVm'),
(78, 'som', '13som035', '$2y$10$F0pLopfFITEilRQ7LW0NxeRne6sNeITJci0oqxzmwz/oq8fy6VdfC'),
(79, 'sovsas', '13sovsas035', '$2y$10$1XAiY7HciAE8GLmKUUOLc.qs.4GAPncE0B6tKW02ER9cppWQeL3Uu'),
(80, 'Soljg', '13sol035', '$2y$10$GVUhzVA68vYfbxpT6pGuMOhPnKz2.hgzP6KXqKnlOFJHbxTTX4VZS'),
(81, 'Soict', '13ics035', '$2y$10$60i/Uv0svw5L8jO9XwzDr.Gl.eXzzFu6fbnnMhJ2U7.P8O5sghSQu'),
(82, 'Soict', '13/PET/025', '$2y$10$uU8j7uIygRAwJ9QNXYgXo.yEzCrtZq4FIP/QOyxpOLNaAxoDABo7m'),
(83, 'Soict', '13/ICS/047', '$2y$10$3pv7HAB6ScnysQMqS59rCe86868iJZ5ez2pZ.ELsYgQ.D5REtn7EC');

/*!40101 SET CHARACTER_SET_CLIENT=@OLD_CHARACTER_SET_CLIENT */;
/*!40101 SET CHARACTER_SET_RESULTS=@OLD_CHARACTER_SET_RESULTS */;
/*!40101 SET COLLATION_CONNECTION=@OLD_COLLATION_CONNECTION */;
