-- phpMyAdmin SQL Dump
-- version 4.1.14
-- http://www.phpmyadmin.net
--
-- Host: 127.0.0.1
-- Generation Time: Jan 07, 2016 at 01:20 PM
-- Server version: 5.6.17
-- PHP Version: 5.5.12

SET SQL_MODE = "NO_AUTO_VALUE_ON_ZERO";
SET time_zone = "+00:00";


/*!40101 SET @OLD_CHARACTER_SET_CLIENT=@@CHARACTER_SET_CLIENT */;
/*!40101 SET @OLD_CHARACTER_SET_RESULTS=@@CHARACTER_SET_RESULTS */;
/*!40101 SET @OLD_COLLATION_CONNECTION=@@COLLATION_CONNECTION */;
/*!40101 SET NAMES utf8 */;

--
-- Database: `result(07-01-16)`
--

-- --------------------------------------------------------

--
-- Table structure for table `rs_admin`
--

CREATE TABLE IF NOT EXISTS `rs_admin` (
  `Admin_Id` int(11) NOT NULL AUTO_INCREMENT,
  `Username` varchar(255) NOT NULL,
  `Password` varchar(255) NOT NULL,
  `Full_Name` varchar(255) NOT NULL,
  `Designation` varchar(255) NOT NULL,
  `Email` varchar(255) NOT NULL,
  `Start_Date` datetime NOT NULL,
  `End_Date` datetime NOT NULL,
  `Faculty_Created` int(11) NOT NULL,
  `Faculty_Removed` int(11) NOT NULL,
  `Flag` int(11) NOT NULL,
  PRIMARY KEY (`Admin_Id`)
) ENGINE=InnoDB  DEFAULT CHARSET=latin1 AUTO_INCREMENT=16 ;

--
-- Dumping data for table `rs_admin`
--

INSERT INTO `rs_admin` (`Admin_Id`, `Username`, `Password`, `Full_Name`, `Designation`, `Email`, `Start_Date`, `End_Date`, `Faculty_Created`, `Faculty_Removed`, `Flag`) VALUES
(15, 'initadmin', '$2y$10$bgYavYsmZ7EfA3VniRmoa.bG9KjupihlNmgqIiDu1/Na4MrRXNkh2', 'Admin Sharma', '', 'i@g', '0000-00-00 00:00:00', '0000-00-00 00:00:00', 0, 0, 1);

-- --------------------------------------------------------

--
-- Table structure for table `rs_excel_details`
--

CREATE TABLE IF NOT EXISTS `rs_excel_details` (
  `Sheet_Id` int(11) NOT NULL AUTO_INCREMENT,
  `Faculty_Id` int(11) NOT NULL,
  `School` varchar(10) NOT NULL,
  `Semester` varchar(5) NOT NULL,
  `Department` varchar(100) NOT NULL,
  `Course_Code` varchar(50) NOT NULL,
  `Published` int(11) NOT NULL DEFAULT '0',
  `Timestamp` datetime NOT NULL DEFAULT CURRENT_TIMESTAMP,
  PRIMARY KEY (`Sheet_Id`)
) ENGINE=InnoDB  DEFAULT CHARSET=latin1 AUTO_INCREMENT=124 ;

--
-- Dumping data for table `rs_excel_details`
--

INSERT INTO `rs_excel_details` (`Sheet_Id`, `Faculty_Id`, `School`, `Semester`, `Department`, `Course_Code`, `Published`, `Timestamp`) VALUES
(120, 7, 'sohss', '5', '5', '5', 1, '2015-12-31 23:09:45'),
(121, 7, 'soict', '5', '5', '5', 0, '2015-12-31 23:15:04'),
(122, 6, 'soe', '5', '5', '5', 0, '2016-01-01 23:35:20'),
(123, 6, 'sobsc', '5', '5', '5', 0, '2016-01-01 23:35:42');

-- --------------------------------------------------------

--
-- Table structure for table `rs_faculty`
--

CREATE TABLE IF NOT EXISTS `rs_faculty` (
  `Faculty_Id` int(5) NOT NULL AUTO_INCREMENT,
  `Full_Name` varchar(50) NOT NULL,
  `Username` varchar(50) NOT NULL,
  `Password` varchar(60) NOT NULL,
  `Email` varchar(60) NOT NULL,
  `Approved` int(11) NOT NULL DEFAULT '0',
  `Timestamp` datetime NOT NULL DEFAULT CURRENT_TIMESTAMP,
  PRIMARY KEY (`Faculty_Id`)
) ENGINE=InnoDB  DEFAULT CHARSET=latin1 AUTO_INCREMENT=29 ;

--
-- Dumping data for table `rs_faculty`
--

INSERT INTO `rs_faculty` (`Faculty_Id`, `Full_Name`, `Username`, `Password`, `Email`, `Approved`, `Timestamp`) VALUES
(6, 'Arun Solanki', 'arun', '$2y$10$5DSyYbHo4GdH1M83Q5otzuE9In/rB6ODkPwkXK6U/Irhutp394vHO', 'arun.solanki@gmail.com', 1, '2015-12-28 15:50:13'),
(26, 'Sandeep Sharma', 'sandeep', '$2y$10$4pl/a9ZeIw9/qglZMjYIxeVuhRrDyubTVQrsBizcAFcC7Fr3HSg56', 'sandeep@gmail.com', 0, '2016-01-07 06:40:42');

-- --------------------------------------------------------

--
-- Table structure for table `rs_logs`
--

CREATE TABLE IF NOT EXISTS `rs_logs` (
  `log_no` int(11) NOT NULL AUTO_INCREMENT,
  `date` date NOT NULL,
  `time` time NOT NULL,
  `user_name` varchar(100) NOT NULL,
  `level` varchar(50) NOT NULL,
  `action` varchar(300) NOT NULL,
  `ip_address` varchar(100) NOT NULL,
  `user_agent` varchar(200) NOT NULL,
  PRIMARY KEY (`log_no`)
) ENGINE=InnoDB  DEFAULT CHARSET=latin1 AUTO_INCREMENT=339 ;

--
-- Dumping data for table `rs_logs`
--

INSERT INTO `rs_logs` (`log_no`, `date`, `time`, `user_name`, `level`, `action`, `ip_address`, `user_agent`) VALUES
(1, '2015-12-16', '13:53:57', 'arun', 'faculty', 'Logged-In', '203.12.15.250', 'Mozilla/5.0 (Windows NT 10.0; WOW64; rv:42.0) Gecko/20100101 Firefox/42.0'),
(2, '2015-12-16', '14:20:34', 'arun', 'faculty', 'Logged-Out', '203.12.15.250', 'Mozilla/5.0 (Windows NT 10.0; WOW64; rv:42.0) Gecko/20100101 Firefox/42.0'),
(3, '2015-12-16', '14:38:58', 'arun', 'faculty', 'Logged-In', '::1', 'Mozilla/5.0 (Windows NT 10.0; WOW64; rv:42.0) Gecko/20100101 Firefox/42.0'),
(4, '2015-12-16', '14:41:10', 'arun', 'faculty', 'Logged-Out', '::1', 'Mozilla/5.0 (Windows NT 10.0; WOW64; rv:42.0) Gecko/20100101 Firefox/42.0');

-- --------------------------------------------------------

--
-- Table structure for table `rs_master`
--

CREATE TABLE IF NOT EXISTS `rs_master` (
  `School` varchar(20) NOT NULL,
  `School_Name` varchar(50) NOT NULL,
  PRIMARY KEY (`School`)
) ENGINE=InnoDB DEFAULT CHARSET=latin1;

--
-- Dumping data for table `rs_master`
--

INSERT INTO `rs_master` (`School`, `School_Name`) VALUES
('sobsc', 'SCHOOL OF BUDDHIST STUDIES AND CIVILIZATION'),
('sobt', 'SCHOOL OF BIOTECHNOLOGY'),
('soe', 'SCHOOL OF ENGINEERING'),
('sohss', 'SCHOOL OF HUMANITIES AND SOCIAL SCIENCES'),
('soict', 'SCHOOL OF INFORMATION COMMUNICATION TECHNOLOGY'),
('soljg', 'SCHOOL OF LAW, JUSTICE AND GOVERNANCE'),
('som', 'SCHOOL OF MANAGEMENT'),
('sovsas', 'SCHOOL OF VOCATIONAL STUDIES AND APPLIED SCIENCES');

-- --------------------------------------------------------

--
-- Table structure for table `rs_messages`
--

CREATE TABLE IF NOT EXISTS `rs_messages` (
  `Message_Id` int(11) NOT NULL AUTO_INCREMENT,
  `Name` varchar(255) NOT NULL,
  `Email` varchar(255) NOT NULL,
  `Message` varchar(1000) NOT NULL,
  `Timestamp` datetime NOT NULL DEFAULT CURRENT_TIMESTAMP,
  PRIMARY KEY (`Message_Id`)
) ENGINE=InnoDB  DEFAULT CHARSET=latin1 AUTO_INCREMENT=11 ;

--
-- Dumping data for table `rs_messages`
--

INSERT INTO `rs_messages` (`Message_Id`, `Name`, `Email`, `Message`, `Timestamp`) VALUES
(1, 'q', 'q', 'q', '2015-12-28 15:54:11'),
(2, 'w', 'w', 'w', '2015-12-28 15:54:11'),
(5, 's', 'a@a', 's', '2015-12-28 15:54:11'),
(6, 'qqq', 'qq@q', 'qq', '2015-12-28 15:54:11'),
(7, 'dddd', 'sandeep@gmail.com', 'd', '2015-12-28 16:57:03'),
(8, 'rajat', 'so@a', 'qwertttt', '2015-12-29 11:34:17'),
(9, '5', '5@5', '5', '2015-12-30 00:32:26'),
(10, '515', '515@515', '515', '2015-12-30 00:32:51');

-- --------------------------------------------------------

--
-- Table structure for table `rs_school`
--

CREATE TABLE IF NOT EXISTS `rs_school` (
  `S_No` int(100) NOT NULL AUTO_INCREMENT,
  `Roll_No` varchar(12) NOT NULL,
  `S_M` varchar(10) NOT NULL,
  `M_T` varchar(10) NOT NULL,
  `E_T` varchar(10) NOT NULL,
  `Total` varchar(10) NOT NULL,
  `Grades` varchar(5) NOT NULL,
  `School` varchar(10) NOT NULL,
  `Department` varchar(60) NOT NULL,
  `Semester` varchar(5) NOT NULL,
  `Course_Code` varchar(10) NOT NULL,
  `Sheet_Id` int(11) NOT NULL,
  `Published` int(11) NOT NULL DEFAULT '0',
  `Timestamp` datetime NOT NULL DEFAULT CURRENT_TIMESTAMP,
  PRIMARY KEY (`S_No`)
) ENGINE=InnoDB  DEFAULT CHARSET=latin1 AUTO_INCREMENT=3116 ;

--
-- Dumping data for table `rs_school`
--

INSERT INTO `rs_school` (`S_No`, `Roll_No`, `S_M`, `M_T`, `E_T`, `Total`, `Grades`, `School`, `Department`, `Semester`, `Course_Code`, `Sheet_Id`, `Published`, `Timestamp`) VALUES
(2844, '13/IEC/001', '20', '20', '24', '64', 'B', 'sohss', '5', '5', '5', 120, 1, '2015-12-31 23:09:45'),
(2845, '13/IEC/034', '12', '17', '15', '44', 'C', 'sohss', '5', '5', '5', 120, 1, '2015-12-31 23:09:45'),
(2846, '13/IEC/002', '20', '21', '42', '83', 'Ex', 'sohss', '5', '5', '5', 120, 1, '2015-12-31 23:09:45'),
(2847, '13/IEC/036', '6', '7', '8', '21', 'F', 'sohss', '5', '5', '5', 120, 1, '2015-12-31 23:09:45'),
(2848, '13/IEC/003', '6', '19', '23', '48', 'C', 'sohss', '5', '5', '5', 120, 1, '2015-12-31 23:09:45'),
(2849, '13/IEC/037', '12', '22', '27', '61', 'B', 'sohss', '5', '5', '5', 120, 1, '2015-12-31 23:09:45'),
(2850, '13/IEC/004', '22', '22', '42', '86', 'Ex', 'sohss', '5', '5', '5', 120, 1, '2015-12-31 23:09:45'),
(2851, '13/IEC/038', '14', '8', '14', '36', 'C', 'sohss', '5', '5', '5', 120, 1, '2015-12-31 23:09:45'),
(2852, '13/IEC/005', '23', '14', '23', '60', 'B', 'sohss', '5', '5', '5', 120, 1, '2015-12-31 23:09:45'),
(2853, '13/IEC/040', '16', '17', '19', '52', 'B', 'sohss', '5', '5', '5', 120, 1, '2015-12-31 23:09:45'),
(2854, '13/IEC/006', '12', '10', '15', '37', 'C', 'sohss', '5', '5', '5', 120, 1, '2015-12-31 23:09:45'),
(2855, '13/IEC/041', '14', '21', '30', '65', 'A', 'sohss', '5', '5', '5', 120, 1, '2015-12-31 23:09:45'),
(2856, '13/IEC/007', '23', '21', '36', '80', 'Ex', 'sohss', '5', '5', '5', 120, 1, '2015-12-31 23:09:45'),
(2857, '13/IEC/042', '18', '19', '32', '69', 'A', 'sohss', '5', '5', '5', 120, 1, '2015-12-31 23:09:45'),
(2858, '13/IEC/008', '10', '21', '33', '64', 'B', 'sohss', '5', '5', '5', 120, 1, '2015-12-31 23:09:45'),
(2859, '13/IEC/043', '16', '21', '36', '73', 'A', 'sohss', '5', '5', '5', 120, 1, '2015-12-31 23:09:45'),
(2860, '13/IEC/009', '12', '17', '19', '48', 'C', 'sohss', '5', '5', '5', 120, 1, '2015-12-31 23:09:45'),
(2861, '13/IEC/044', '14', '15', '16', '45', 'C', 'sohss', '5', '5', '5', 120, 1, '2015-12-31 23:09:45'),
(2862, '13/IEC/010', '22', '22', '46', '90', 'Ex', 'sohss', '5', '5', '5', 120, 1, '2015-12-31 23:09:45'),
(2863, '13/IEC/045', '18', '20', '20', '58', 'B', 'sohss', '5', '5', '5', 120, 1, '2015-12-31 23:09:45'),
(2864, '13/IEC/011', '10', '16', '25', '51', 'B', 'sohss', '5', '5', '5', 120, 1, '2015-12-31 23:09:45'),
(2865, '13/IEC/047', '4', '21', '48', '73', 'A', 'sohss', '5', '5', '5', 120, 1, '2015-12-31 23:09:45'),
(2866, '13/IEC/012', '4', '9', '11', '24', 'F', 'sohss', '5', '5', '5', 120, 1, '2015-12-31 23:09:45'),
(2867, '13/IEC/048', '10', '17', '30', '57', 'B', 'sohss', '5', '5', '5', 120, 1, '2015-12-31 23:09:45'),
(2868, '13/IEC/013', '18', '17', '29', '64', 'B', 'sohss', '5', '5', '5', 120, 1, '2015-12-31 23:09:45'),
(2869, '13/IEC/049', '24', '21', '39', '84', 'Ex', 'sohss', '5', '5', '5', 120, 1, '2015-12-31 23:09:45'),
(2870, '13/IEC/014', '20', '18', '34', '72', 'A', 'sohss', '5', '5', '5', 120, 1, '2015-12-31 23:09:45'),
(2871, '13/IEC/050', '22', '19', '39', '80', 'Ex', 'sohss', '5', '5', '5', 120, 1, '2015-12-31 23:09:45'),
(2872, '13/IEC/015', '20', '24', '48', '92', 'Ex', 'sohss', '5', '5', '5', 120, 1, '2015-12-31 23:09:45'),
(2873, '13/IEC/051', '20', '21', '40', '81', 'Ex', 'sohss', '5', '5', '5', 120, 1, '2015-12-31 23:09:45'),
(2874, '13/IEC/016', '20', '20', '23', '63', 'B', 'sohss', '5', '5', '5', 120, 1, '2015-12-31 23:09:45'),
(2875, '13/IEC/052', '17', '21', '31', '69', 'A', 'sohss', '5', '5', '5', 120, 1, '2015-12-31 23:09:45'),
(2876, '13/IEC/017', '12', '8', '15', '35', 'C', 'sohss', '5', '5', '5', 120, 1, '2015-12-31 23:09:45'),
(2877, '13/IEC/053', '14', '13', '16', '43', 'C', 'sohss', '5', '5', '5', 120, 1, '2015-12-31 23:09:45'),
(2878, '13/IEC/018', '18', '10', '19', '47', 'C', 'sohss', '5', '5', '5', 120, 1, '2015-12-31 23:09:45'),
(2879, '13/IEC/054', '14', '20', '21', '55', 'B', 'sohss', '5', '5', '5', 120, 1, '2015-12-31 23:09:45'),
(2880, '13/IEC/019', '22', '18', '45', '85', 'Ex', 'sohss', '5', '5', '5', 120, 1, '2015-12-31 23:09:45'),
(2881, '13/IEC/055', '20', '20', '40', '80', 'Ex', 'sohss', '5', '5', '5', 120, 1, '2015-12-31 23:09:45'),
(2882, '13/IEC/020', '22', '22', '30', '74', 'A', 'sohss', '5', '5', '5', 120, 1, '2015-12-31 23:09:45'),
(2883, '13/IEC/056', '15', '21', '19', '55', 'B', 'sohss', '5', '5', '5', 120, 1, '2015-12-31 23:09:45'),
(2884, '13/IEC/021', '12', '11', '19', '42', 'C', 'sohss', '5', '5', '5', 120, 1, '2015-12-31 23:09:45'),
(2885, '13/IEC/057', '12', '9', '15', '36', 'C', 'sohss', '5', '5', '5', 120, 1, '2015-12-31 23:09:45'),
(2886, '13/IEC/022', '18', '19', '25', '62', 'B', 'sohss', '5', '5', '5', 120, 1, '2015-12-31 23:09:45'),
(2887, '13/IEC/058', '8', '20', '22', '50', 'B', 'sohss', '5', '5', '5', 120, 1, '2015-12-31 23:09:45'),
(2888, '13/IEC/023', '22', '18', '32', '72', 'A', 'sohss', '5', '5', '5', 120, 1, '2015-12-31 23:09:45'),
(2889, '13/IEC/059', '20', '21', '46', '87', 'Ex', 'sohss', '5', '5', '5', 120, 1, '2015-12-31 23:09:45'),
(2890, '13/IEC/025', '20', '17', '26', '63', 'B', 'sohss', '5', '5', '5', 120, 1, '2015-12-31 23:09:45'),
(2891, '13/IEC/060', '20', '21', '45', '86', 'Ex', 'sohss', '5', '5', '5', 120, 1, '2015-12-31 23:09:45'),
(2892, '13/IEC/026', '20', '20', '35', '75', 'A', 'sohss', '5', '5', '5', 120, 1, '2015-12-31 23:09:45'),
(2893, '13/IEC/061', '14', '21', '31', '66', 'A', 'sohss', '5', '5', '5', 120, 1, '2015-12-31 23:09:45'),
(2894, '13/IEC/027', '20', '16', '14', '50', 'B', 'sohss', '5', '5', '5', 120, 1, '2015-12-31 23:09:45'),
(2895, '13/IEC/062', '14', '14', '29', '57', 'B', 'sohss', '5', '5', '5', 120, 1, '2015-12-31 23:09:45'),
(2896, '13/IEC/028', '13', '20', '25', '58', 'B', 'sohss', '5', '5', '5', 120, 1, '2015-12-31 23:09:45'),
(2897, '13/IEC/063', '16', '20', '38', '74', 'A', 'sohss', '5', '5', '5', 120, 1, '2015-12-31 23:09:45'),
(2898, '13/IEC/029', '22', '21', '38', '81', 'Ex', 'sohss', '5', '5', '5', 120, 1, '2015-12-31 23:09:46'),
(2899, '12/IEC/019', '0', '14', 'Absent', '14', 'F', 'sohss', '5', '5', '5', 120, 1, '2015-12-31 23:09:46'),
(2900, '13/IEC/032', '23', '21', '36', '80', 'Ex', 'sohss', '5', '5', '5', 120, 1, '2015-12-31 23:09:46'),
(2901, '12/IEC/039', '0', '13', 'Absent', '13', 'F', 'sohss', '5', '5', '5', 120, 1, '2015-12-31 23:09:46'),
(2902, '13/IEC/033', '14', '22', '19', '55', 'B', 'sohss', '5', '5', '5', 120, 1, '2015-12-31 23:09:46'),
(2903, '', '', '', '', '0', '', 'sohss', '5', '5', '5', 120, 1, '2015-12-31 23:09:46'),
(2904, '', '', '', '', '', '', 'sohss', '5', '5', '5', 120, 1, '2015-12-31 23:09:46'),
(2905, '', '', '', '', '', '', 'sohss', '5', '5', '5', 120, 1, '2015-12-31 23:09:46'),
(2906, '', '', '', '', '', '', 'sohss', '5', '5', '5', 120, 1, '2015-12-31 23:09:46'),
(2907, '', '', '', '', '', '', 'sohss', '5', '5', '5', 120, 1, '2015-12-31 23:09:46'),
(2908, 'Date:', '', '', '', '', '', 'sohss', '5', '5', '5', 120, 1, '2015-12-31 23:09:46'),
(2909, 'Signature:', '', '', '', '', '', 'sohss', '5', '5', '5', 120, 1, '2015-12-31 23:09:46'),
(2910, '13/IEC/001', '29', '---', '39', '68', 'A', 'soict', '5', '5', '5', 121, 0, '2015-12-31 23:15:04'),
(2911, '13/IEC/034', '28', '---', '30', '58', 'B', 'soict', '5', '5', '5', 121, 0, '2015-12-31 23:15:04'),
(2912, '13/IEC/002', '39', '---', '48', '87', 'Ex', 'soict', '5', '5', '5', 121, 0, '2015-12-31 23:15:04'),
(2913, '13/IEC/036', '24', '---', '5', '29', 'F', 'soict', '5', '5', '5', 121, 0, '2015-12-31 23:15:04'),
(2914, '13/IEC/003', '27', '---', '20', '47', 'C', 'soict', '5', '5', '5', 121, 0, '2015-12-31 23:15:04'),
(2915, '13/IEC/037', '20', '---', '37', '57', 'B', 'soict', '5', '5', '5', 121, 0, '2015-12-31 23:15:04'),
(2916, '13/IEC/004', '36', '---', '37', '73', 'A', 'soict', '5', '5', '5', 121, 0, '2015-12-31 23:15:04'),
(2917, '13/IEC/038', '12', '---', '30', '42', 'C', 'soict', '5', '5', '5', 121, 0, '2015-12-31 23:15:04'),
(2918, '13/IEC/005', '36', '---', '20', '56', 'B', 'soict', '5', '5', '5', 121, 0, '2015-12-31 23:15:04'),
(2919, '13/IEC/040', '32', '---', '40', '72', 'A', 'soict', '5', '5', '5', 121, 0, '2015-12-31 23:15:04'),
(2920, '13/IEC/006', '33', '---', '11', '44', 'C', 'soict', '5', '5', '5', 121, 0, '2015-12-31 23:15:04'),
(2921, '13/IEC/041', '28', '---', '42', '70', 'A', 'soict', '5', '5', '5', 121, 0, '2015-12-31 23:15:04'),
(2922, '13/IEC/007', '36', '---', '40', '76', 'A', 'soict', '5', '5', '5', 121, 0, '2015-12-31 23:15:04'),
(2923, '13/IEC/042', '36', '---', '46', '82', 'Ex', 'soict', '5', '5', '5', 121, 0, '2015-12-31 23:15:04'),
(2924, '13/IEC/008', '26', '---', '24', '50', 'B', 'soict', '5', '5', '5', 121, 0, '2015-12-31 23:15:04'),
(2925, '13/IEC/043', '30', '---', '41', '71', 'A', 'soict', '5', '5', '5', 121, 0, '2015-12-31 23:15:04'),
(2926, '13/IEC/009', '21', '---', '36', '57', 'B', 'soict', '5', '5', '5', 121, 0, '2015-12-31 23:15:04'),
(2927, '13/IEC/044', '14', '---', '30', '44', 'C', 'soict', '5', '5', '5', 121, 0, '2015-12-31 23:15:04'),
(2928, '13/IEC/010', '46', '---', '48', '94', 'Ex', 'soict', '5', '5', '5', 121, 0, '2015-12-31 23:15:04'),
(2929, '13/IEC/045', '24', '---', '20', '44', 'C', 'soict', '5', '5', '5', 121, 0, '2015-12-31 23:15:04'),
(2930, '13/IEC/011', '29', '---', '22', '51', 'B', 'soict', '5', '5', '5', 121, 0, '2015-12-31 23:15:04'),
(2931, '13/IEC/047', '34', '---', '35', '69', 'A', 'soict', '5', '5', '5', 121, 0, '2015-12-31 23:15:04'),
(2932, '13/IEC/012', '28', '---', '18', '46', 'C', 'soict', '5', '5', '5', 121, 0, '2015-12-31 23:15:04'),
(2933, '13/IEC/048', '32', '---', '38', '70', 'A', 'soict', '5', '5', '5', 121, 0, '2015-12-31 23:15:04'),
(2934, '13/IEC/013', '35', '---', '47', '82', 'Ex', 'soict', '5', '5', '5', 121, 0, '2015-12-31 23:15:04'),
(2935, '13/IEC/049', '42', '---', '40', '82', 'Ex', 'soict', '5', '5', '5', 121, 0, '2015-12-31 23:15:04'),
(2936, '13/IEC/014', '34', '---', '36', '70', 'A', 'soict', '5', '5', '5', 121, 0, '2015-12-31 23:15:04'),
(2937, '13/IEC/050', '36', '---', '37', '73', 'A', 'soict', '5', '5', '5', 121, 0, '2015-12-31 23:15:04'),
(2938, '13/IEC/015', '34', '---', '46', '80', 'Ex', 'soict', '5', '5', '5', 121, 0, '2015-12-31 23:15:04'),
(2939, '13/IEC/051', '30', '---', '47', '77', 'A', 'soict', '5', '5', '5', 121, 0, '2015-12-31 23:15:04'),
(2940, '13/IEC/016', '21', '---', '25', '46', 'C', 'soict', '5', '5', '5', 121, 0, '2015-12-31 23:15:04'),
(2941, '13/IEC/052', '22', '---', '45', '67', 'A', 'soict', '5', '5', '5', 121, 0, '2015-12-31 23:15:04'),
(2942, '13/IEC/017', '24', '---', '15', '39', 'C', 'soict', '5', '5', '5', 121, 0, '2015-12-31 23:15:04'),
(2943, '13/IEC/053', '20', '---', '20', '40', 'C', 'soict', '5', '5', '5', 121, 0, '2015-12-31 23:15:04'),
(2944, '13/IEC/018', '28', '---', '12', '40', 'C', 'soict', '5', '5', '5', 121, 0, '2015-12-31 23:15:04'),
(2945, '13/IEC/054', '37', '---', '45', '82', 'Ex', 'soict', '5', '5', '5', 121, 0, '2015-12-31 23:15:04'),
(2946, '13/IEC/019', '21', '---', '37', '58', 'B', 'soict', '5', '5', '5', 121, 0, '2015-12-31 23:15:04'),
(2947, '13/IEC/055', '34', '---', '48', '82', 'Ex', 'soict', '5', '5', '5', 121, 0, '2015-12-31 23:15:04'),
(2948, '13/IEC/020', '29', '---', '21', '50', 'B', 'soict', '5', '5', '5', 121, 0, '2015-12-31 23:15:04'),
(2949, '13/IEC/056', '25', '---', '17', '42', 'C', 'soict', '5', '5', '5', 121, 0, '2015-12-31 23:15:04'),
(2950, '13/IEC/021', '23', '---', '30', '53', 'B', 'soict', '5', '5', '5', 121, 0, '2015-12-31 23:15:04'),
(2951, '13/IEC/057', '25', '---', '10', '35', 'C', 'soict', '5', '5', '5', 121, 0, '2015-12-31 23:15:04'),
(2952, '13/IEC/022', '30', '---', '47', '77', 'A', 'soict', '5', '5', '5', 121, 0, '2015-12-31 23:15:04'),
(2953, '13/IEC/058', '30', '---', '30', '60', 'B', 'soict', '5', '5', '5', 121, 0, '2015-12-31 23:15:04'),
(2954, '13/IEC/023', '32', '---', '47', '79', 'A', 'soict', '5', '5', '5', 121, 0, '2015-12-31 23:15:04'),
(2955, '13/IEC/059', '28', '---', '48', '76', 'A', 'soict', '5', '5', '5', 121, 0, '2015-12-31 23:15:04'),
(2956, '13/IEC/025', '34', '---', '28', '62', 'B', 'soict', '5', '5', '5', 121, 0, '2015-12-31 23:15:04'),
(2957, '13/IEC/060', '46', '---', '48', '94', 'Ex', 'soict', '5', '5', '5', 121, 0, '2015-12-31 23:15:04'),
(2958, '13/IEC/026', '39', '---', '35', '74', 'A', 'soict', '5', '5', '5', 121, 0, '2015-12-31 23:15:04'),
(2959, '13/IEC/061', '35', '---', '45', '80', 'Ex', 'soict', '5', '5', '5', 121, 0, '2015-12-31 23:15:04'),
(2960, '13/IEC/027', '25', '---', '20', '45', 'C', 'soict', '5', '5', '5', 121, 0, '2015-12-31 23:15:04'),
(2961, '13/IEC/062', '27', '---', '40', '67', 'A', 'soict', '5', '5', '5', 121, 0, '2015-12-31 23:15:04'),
(2962, '13/IEC/028', '28', '---', '22', '50', 'B', 'soict', '5', '5', '5', 121, 0, '2015-12-31 23:15:04'),
(2963, '13/IEC/063', '26', '---', '33', '59', 'B', 'soict', '5', '5', '5', 121, 0, '2015-12-31 23:15:04'),
(2964, '13/IEC/029', '34', '---', '41', '75', 'A', 'soict', '5', '5', '5', 121, 0, '2015-12-31 23:15:04'),
(2965, '12/IEC/019', '0', '---', 'Absent', '0', '', 'soict', '5', '5', '5', 121, 0, '2015-12-31 23:15:04'),
(2966, '13/IEC/032', '34', '---', '36', '70', 'A', 'soict', '5', '5', '5', 121, 0, '2015-12-31 23:15:04'),
(2967, '12/IEC/039', '0', '---', 'Absent', '0', '', 'soict', '5', '5', '5', 121, 0, '2015-12-31 23:15:04'),
(2968, '13/IEC/033', '20', '---', '20', '40', 'C', 'soict', '5', '5', '5', 121, 0, '2015-12-31 23:15:04'),
(2969, '', '', '---', '', '0', '', 'soict', '5', '5', '5', 121, 0, '2015-12-31 23:15:04'),
(2970, '', '', '---', '', '', '', 'soict', '5', '5', '5', 121, 0, '2015-12-31 23:15:04'),
(2971, '', '', '---', '', '', '', 'soict', '5', '5', '5', 121, 0, '2015-12-31 23:15:04'),
(2972, '', '', '---', '', '', '', 'soict', '5', '5', '5', 121, 0, '2015-12-31 23:15:04'),
(2973, '', '', '---', '', '', '', 'soict', '5', '5', '5', 121, 0, '2015-12-31 23:15:04'),
(2974, '', '', '---', '', '', '', 'soict', '5', '5', '5', 121, 0, '2015-12-31 23:15:04'),
(2975, 'Signature:', '', '---', '', '', '', 'soict', '5', '5', '5', 121, 0, '2015-12-31 23:15:04'),
(2976, '', '', '---', '', '', '', 'soict', '5', '5', '5', 121, 0, '2015-12-31 23:15:04'),
(2977, '', '', '---', '', '', '', 'soict', '5', '5', '5', 121, 0, '2015-12-31 23:15:04'),
(2978, '', '', '---', '', '', '', 'soict', '5', '5', '5', 121, 0, '2015-12-31 23:15:04'),
(2979, 'Date:', '', '---', '', '', '', 'soict', '5', '5', '5', 121, 0, '2015-12-31 23:15:04'),
(2980, '13/IEC/001', '20', '20', '24', '64', 'B', 'soe', '5', '5', '5', 122, 0, '2016-01-01 23:35:20'),
(2981, '13/IEC/034', '12', '17', '15', '44', 'C', 'soe', '5', '5', '5', 122, 0, '2016-01-01 23:35:20'),
(2982, '13/IEC/002', '20', '21', '42', '83', 'Ex', 'soe', '5', '5', '5', 122, 0, '2016-01-01 23:35:20'),
(2983, '13/IEC/036', '6', '7', '8', '21', 'F', 'soe', '5', '5', '5', 122, 0, '2016-01-01 23:35:20'),
(2984, '13/IEC/003', '6', '19', '23', '48', 'C', 'soe', '5', '5', '5', 122, 0, '2016-01-01 23:35:20'),
(2985, '13/IEC/037', '12', '22', '27', '61', 'B', 'soe', '5', '5', '5', 122, 0, '2016-01-01 23:35:20'),
(2986, '13/IEC/004', '22', '22', '42', '86', 'Ex', 'soe', '5', '5', '5', 122, 0, '2016-01-01 23:35:20'),
(2987, '13/IEC/038', '14', '8', '14', '36', 'C', 'soe', '5', '5', '5', 122, 0, '2016-01-01 23:35:20'),
(2988, '13/IEC/005', '23', '14', '23', '60', 'B', 'soe', '5', '5', '5', 122, 0, '2016-01-01 23:35:20'),
(2989, '13/IEC/040', '16', '17', '19', '52', 'B', 'soe', '5', '5', '5', 122, 0, '2016-01-01 23:35:20'),
(2990, '13/IEC/006', '12', '10', '15', '37', 'C', 'soe', '5', '5', '5', 122, 0, '2016-01-01 23:35:20'),
(2991, '13/IEC/041', '14', '21', '30', '65', 'A', 'soe', '5', '5', '5', 122, 0, '2016-01-01 23:35:20'),
(2992, '13/IEC/007', '23', '21', '36', '80', 'Ex', 'soe', '5', '5', '5', 122, 0, '2016-01-01 23:35:20'),
(2993, '13/IEC/042', '18', '19', '32', '69', 'A', 'soe', '5', '5', '5', 122, 0, '2016-01-01 23:35:20'),
(2994, '13/IEC/008', '10', '21', '33', '64', 'B', 'soe', '5', '5', '5', 122, 0, '2016-01-01 23:35:20'),
(2995, '13/IEC/043', '16', '21', '36', '73', 'A', 'soe', '5', '5', '5', 122, 0, '2016-01-01 23:35:20'),
(2996, '13/IEC/009', '12', '17', '19', '48', 'C', 'soe', '5', '5', '5', 122, 0, '2016-01-01 23:35:20'),
(2997, '13/IEC/044', '14', '15', '16', '45', 'C', 'soe', '5', '5', '5', 122, 0, '2016-01-01 23:35:20'),
(2998, '13/IEC/010', '22', '22', '46', '90', 'Ex', 'soe', '5', '5', '5', 122, 0, '2016-01-01 23:35:20'),
(2999, '13/IEC/045', '18', '20', '20', '58', 'B', 'soe', '5', '5', '5', 122, 0, '2016-01-01 23:35:20'),
(3000, '13/IEC/011', '10', '16', '25', '51', 'B', 'soe', '5', '5', '5', 122, 0, '2016-01-01 23:35:20'),
(3001, '13/IEC/047', '4', '21', '48', '73', 'A', 'soe', '5', '5', '5', 122, 0, '2016-01-01 23:35:20'),
(3002, '13/IEC/012', '4', '9', '11', '24', 'F', 'soe', '5', '5', '5', 122, 0, '2016-01-01 23:35:21'),
(3003, '13/IEC/048', '10', '17', '30', '57', 'B', 'soe', '5', '5', '5', 122, 0, '2016-01-01 23:35:21'),
(3004, '13/IEC/013', '18', '17', '29', '64', 'B', 'soe', '5', '5', '5', 122, 0, '2016-01-01 23:35:21'),
(3005, '13/IEC/049', '24', '21', '39', '84', 'Ex', 'soe', '5', '5', '5', 122, 0, '2016-01-01 23:35:21'),
(3006, '13/IEC/014', '20', '18', '34', '72', 'A', 'soe', '5', '5', '5', 122, 0, '2016-01-01 23:35:21'),
(3007, '13/IEC/050', '22', '19', '39', '80', 'Ex', 'soe', '5', '5', '5', 122, 0, '2016-01-01 23:35:21'),
(3008, '13/IEC/015', '20', '24', '48', '92', 'Ex', 'soe', '5', '5', '5', 122, 0, '2016-01-01 23:35:21'),
(3009, '13/IEC/051', '20', '21', '40', '81', 'Ex', 'soe', '5', '5', '5', 122, 0, '2016-01-01 23:35:21'),
(3010, '13/IEC/016', '20', '20', '23', '63', 'B', 'soe', '5', '5', '5', 122, 0, '2016-01-01 23:35:21'),
(3011, '13/IEC/052', '17', '21', '31', '69', 'A', 'soe', '5', '5', '5', 122, 0, '2016-01-01 23:35:21'),
(3012, '13/IEC/017', '12', '8', '15', '35', 'C', 'soe', '5', '5', '5', 122, 0, '2016-01-01 23:35:21'),
(3013, '13/IEC/053', '14', '13', '16', '43', 'C', 'soe', '5', '5', '5', 122, 0, '2016-01-01 23:35:21'),
(3014, '13/IEC/018', '18', '10', '19', '47', 'C', 'soe', '5', '5', '5', 122, 0, '2016-01-01 23:35:21'),
(3015, '13/IEC/054', '14', '20', '21', '55', 'B', 'soe', '5', '5', '5', 122, 0, '2016-01-01 23:35:21'),
(3016, '13/IEC/019', '22', '18', '45', '85', 'Ex', 'soe', '5', '5', '5', 122, 0, '2016-01-01 23:35:21'),
(3017, '13/IEC/055', '20', '20', '40', '80', 'Ex', 'soe', '5', '5', '5', 122, 0, '2016-01-01 23:35:21'),
(3018, '13/IEC/020', '22', '22', '30', '74', 'A', 'soe', '5', '5', '5', 122, 0, '2016-01-01 23:35:21'),
(3019, '13/IEC/056', '15', '21', '19', '55', 'B', 'soe', '5', '5', '5', 122, 0, '2016-01-01 23:35:21'),
(3020, '13/IEC/021', '12', '11', '19', '42', 'C', 'soe', '5', '5', '5', 122, 0, '2016-01-01 23:35:21'),
(3021, '13/IEC/057', '12', '9', '15', '36', 'C', 'soe', '5', '5', '5', 122, 0, '2016-01-01 23:35:21'),
(3022, '13/IEC/022', '18', '19', '25', '62', 'B', 'soe', '5', '5', '5', 122, 0, '2016-01-01 23:35:21'),
(3023, '13/IEC/058', '8', '20', '22', '50', 'B', 'soe', '5', '5', '5', 122, 0, '2016-01-01 23:35:21'),
(3024, '13/IEC/023', '22', '18', '32', '72', 'A', 'soe', '5', '5', '5', 122, 0, '2016-01-01 23:35:21'),
(3025, '13/IEC/059', '20', '21', '46', '87', 'Ex', 'soe', '5', '5', '5', 122, 0, '2016-01-01 23:35:21'),
(3026, '13/IEC/025', '20', '17', '26', '63', 'B', 'soe', '5', '5', '5', 122, 0, '2016-01-01 23:35:21'),
(3027, '13/IEC/060', '20', '21', '45', '86', 'Ex', 'soe', '5', '5', '5', 122, 0, '2016-01-01 23:35:21'),
(3028, '13/IEC/026', '20', '20', '35', '75', 'A', 'soe', '5', '5', '5', 122, 0, '2016-01-01 23:35:21'),
(3029, '13/IEC/061', '14', '21', '31', '66', 'A', 'soe', '5', '5', '5', 122, 0, '2016-01-01 23:35:21'),
(3030, '13/IEC/027', '20', '16', '14', '50', 'B', 'soe', '5', '5', '5', 122, 0, '2016-01-01 23:35:21'),
(3031, '13/IEC/062', '14', '14', '29', '57', 'B', 'soe', '5', '5', '5', 122, 0, '2016-01-01 23:35:21'),
(3032, '13/IEC/028', '13', '20', '25', '58', 'B', 'soe', '5', '5', '5', 122, 0, '2016-01-01 23:35:21'),
(3033, '13/IEC/063', '16', '20', '38', '74', 'A', 'soe', '5', '5', '5', 122, 0, '2016-01-01 23:35:21'),
(3034, '13/IEC/029', '22', '21', '38', '81', 'Ex', 'soe', '5', '5', '5', 122, 0, '2016-01-01 23:35:21'),
(3035, '12/IEC/019', '0', '14', 'Absent', '14', 'F', 'soe', '5', '5', '5', 122, 0, '2016-01-01 23:35:21'),
(3036, '13/IEC/032', '23', '21', '36', '80', 'Ex', 'soe', '5', '5', '5', 122, 0, '2016-01-01 23:35:21'),
(3037, '12/IEC/039', '0', '13', 'Absent', '13', 'F', 'soe', '5', '5', '5', 122, 0, '2016-01-01 23:35:21'),
(3038, '13/IEC/033', '14', '22', '19', '55', 'B', 'soe', '5', '5', '5', 122, 0, '2016-01-01 23:35:21'),
(3039, '', '', '', '', '0', '', 'soe', '5', '5', '5', 122, 0, '2016-01-01 23:35:21'),
(3040, '', '', '', '', '', '', 'soe', '5', '5', '5', 122, 0, '2016-01-01 23:35:21'),
(3041, '', '', '', '', '', '', 'soe', '5', '5', '5', 122, 0, '2016-01-01 23:35:21'),
(3042, '', '', '', '', '', '', 'soe', '5', '5', '5', 122, 0, '2016-01-01 23:35:21'),
(3043, '', '', '', '', '', '', 'soe', '5', '5', '5', 122, 0, '2016-01-01 23:35:21'),
(3044, 'Date:', '', '', '', '', '', 'soe', '5', '5', '5', 122, 0, '2016-01-01 23:35:21'),
(3045, 'Signature:', '', '', '', '', '', 'soe', '5', '5', '5', 122, 0, '2016-01-01 23:35:21'),
(3046, '13/IEC/001', '29', '---', '39', '68', 'A', 'sobsc', '5', '5', '5', 123, 0, '2016-01-01 23:35:42'),
(3047, '13/IEC/034', '28', '---', '30', '58', 'B', 'sobsc', '5', '5', '5', 123, 0, '2016-01-01 23:35:42'),
(3048, '13/IEC/002', '39', '---', '48', '87', 'Ex', 'sobsc', '5', '5', '5', 123, 0, '2016-01-01 23:35:42'),
(3049, '13/IEC/036', '24', '---', '5', '29', 'F', 'sobsc', '5', '5', '5', 123, 0, '2016-01-01 23:35:42'),
(3050, '13/IEC/003', '27', '---', '20', '47', 'C', 'sobsc', '5', '5', '5', 123, 0, '2016-01-01 23:35:42'),
(3051, '13/IEC/037', '20', '---', '37', '57', 'B', 'sobsc', '5', '5', '5', 123, 0, '2016-01-01 23:35:42'),
(3052, '13/IEC/004', '36', '---', '37', '73', 'A', 'sobsc', '5', '5', '5', 123, 0, '2016-01-01 23:35:42'),
(3053, '13/IEC/038', '12', '---', '30', '42', 'C', 'sobsc', '5', '5', '5', 123, 0, '2016-01-01 23:35:42'),
(3054, '13/IEC/005', '36', '---', '20', '56', 'B', 'sobsc', '5', '5', '5', 123, 0, '2016-01-01 23:35:42'),
(3055, '13/IEC/040', '32', '---', '40', '72', 'A', 'sobsc', '5', '5', '5', 123, 0, '2016-01-01 23:35:42'),
(3056, '13/IEC/006', '33', '---', '11', '44', 'C', 'sobsc', '5', '5', '5', 123, 0, '2016-01-01 23:35:42'),
(3057, '13/IEC/041', '28', '---', '42', '70', 'A', 'sobsc', '5', '5', '5', 123, 0, '2016-01-01 23:35:42'),
(3058, '13/IEC/007', '36', '---', '40', '76', 'A', 'sobsc', '5', '5', '5', 123, 0, '2016-01-01 23:35:42'),
(3059, '13/IEC/042', '36', '---', '46', '82', 'Ex', 'sobsc', '5', '5', '5', 123, 0, '2016-01-01 23:35:42'),
(3060, '13/IEC/008', '26', '---', '24', '50', 'B', 'sobsc', '5', '5', '5', 123, 0, '2016-01-01 23:35:42'),
(3061, '13/IEC/043', '30', '---', '41', '71', 'A', 'sobsc', '5', '5', '5', 123, 0, '2016-01-01 23:35:42'),
(3062, '13/IEC/009', '21', '---', '36', '57', 'B', 'sobsc', '5', '5', '5', 123, 0, '2016-01-01 23:35:42'),
(3063, '13/IEC/044', '14', '---', '30', '44', 'C', 'sobsc', '5', '5', '5', 123, 0, '2016-01-01 23:35:42'),
(3064, '13/IEC/010', '46', '---', '48', '94', 'Ex', 'sobsc', '5', '5', '5', 123, 0, '2016-01-01 23:35:42'),
(3065, '13/IEC/045', '24', '---', '20', '44', 'C', 'sobsc', '5', '5', '5', 123, 0, '2016-01-01 23:35:42'),
(3066, '13/IEC/011', '29', '---', '22', '51', 'B', 'sobsc', '5', '5', '5', 123, 0, '2016-01-01 23:35:42'),
(3067, '13/IEC/047', '34', '---', '35', '69', 'A', 'sobsc', '5', '5', '5', 123, 0, '2016-01-01 23:35:42'),
(3068, '13/IEC/012', '28', '---', '18', '46', 'C', 'sobsc', '5', '5', '5', 123, 0, '2016-01-01 23:35:42'),
(3069, '13/IEC/048', '32', '---', '38', '70', 'A', 'sobsc', '5', '5', '5', 123, 0, '2016-01-01 23:35:42'),
(3070, '13/IEC/013', '35', '---', '47', '82', 'Ex', 'sobsc', '5', '5', '5', 123, 0, '2016-01-01 23:35:42'),
(3071, '13/IEC/049', '42', '---', '40', '82', 'Ex', 'sobsc', '5', '5', '5', 123, 0, '2016-01-01 23:35:42'),
(3072, '13/IEC/014', '34', '---', '36', '70', 'A', 'sobsc', '5', '5', '5', 123, 0, '2016-01-01 23:35:42'),
(3073, '13/IEC/050', '36', '---', '37', '73', 'A', 'sobsc', '5', '5', '5', 123, 0, '2016-01-01 23:35:42'),
(3074, '13/IEC/015', '34', '---', '46', '80', 'Ex', 'sobsc', '5', '5', '5', 123, 0, '2016-01-01 23:35:42'),
(3075, '13/IEC/051', '30', '---', '47', '77', 'A', 'sobsc', '5', '5', '5', 123, 0, '2016-01-01 23:35:42'),
(3076, '13/IEC/016', '21', '---', '25', '46', 'C', 'sobsc', '5', '5', '5', 123, 0, '2016-01-01 23:35:42'),
(3077, '13/IEC/052', '22', '---', '45', '67', 'A', 'sobsc', '5', '5', '5', 123, 0, '2016-01-01 23:35:42'),
(3078, '13/IEC/017', '24', '---', '15', '39', 'C', 'sobsc', '5', '5', '5', 123, 0, '2016-01-01 23:35:42'),
(3079, '13/IEC/053', '20', '---', '20', '40', 'C', 'sobsc', '5', '5', '5', 123, 0, '2016-01-01 23:35:42'),
(3080, '13/IEC/018', '28', '---', '12', '40', 'C', 'sobsc', '5', '5', '5', 123, 0, '2016-01-01 23:35:42'),
(3081, '13/IEC/054', '37', '---', '45', '82', 'Ex', 'sobsc', '5', '5', '5', 123, 0, '2016-01-01 23:35:42'),
(3082, '13/IEC/019', '21', '---', '37', '58', 'B', 'sobsc', '5', '5', '5', 123, 0, '2016-01-01 23:35:42'),
(3083, '13/IEC/055', '34', '---', '48', '82', 'Ex', 'sobsc', '5', '5', '5', 123, 0, '2016-01-01 23:35:42'),
(3084, '13/IEC/020', '29', '---', '21', '50', 'B', 'sobsc', '5', '5', '5', 123, 0, '2016-01-01 23:35:42'),
(3085, '13/IEC/056', '25', '---', '17', '42', 'C', 'sobsc', '5', '5', '5', 123, 0, '2016-01-01 23:35:42'),
(3086, '13/IEC/021', '23', '---', '30', '53', 'B', 'sobsc', '5', '5', '5', 123, 0, '2016-01-01 23:35:42'),
(3087, '13/IEC/057', '25', '---', '10', '35', 'C', 'sobsc', '5', '5', '5', 123, 0, '2016-01-01 23:35:42'),
(3088, '13/IEC/022', '30', '---', '47', '77', 'A', 'sobsc', '5', '5', '5', 123, 0, '2016-01-01 23:35:42'),
(3089, '13/IEC/058', '30', '---', '30', '60', 'B', 'sobsc', '5', '5', '5', 123, 0, '2016-01-01 23:35:42'),
(3090, '13/IEC/023', '32', '---', '47', '79', 'A', 'sobsc', '5', '5', '5', 123, 0, '2016-01-01 23:35:42'),
(3091, '13/IEC/059', '28', '---', '48', '76', 'A', 'sobsc', '5', '5', '5', 123, 0, '2016-01-01 23:35:42'),
(3092, '13/IEC/025', '34', '---', '28', '62', 'B', 'sobsc', '5', '5', '5', 123, 0, '2016-01-01 23:35:42'),
(3093, '13/IEC/060', '46', '---', '48', '94', 'Ex', 'sobsc', '5', '5', '5', 123, 0, '2016-01-01 23:35:42'),
(3094, '13/IEC/026', '39', '---', '35', '74', 'A', 'sobsc', '5', '5', '5', 123, 0, '2016-01-01 23:35:42'),
(3095, '13/IEC/061', '35', '---', '45', '80', 'Ex', 'sobsc', '5', '5', '5', 123, 0, '2016-01-01 23:35:42'),
(3096, '13/IEC/027', '25', '---', '20', '45', 'C', 'sobsc', '5', '5', '5', 123, 0, '2016-01-01 23:35:42'),
(3097, '13/IEC/062', '27', '---', '40', '67', 'A', 'sobsc', '5', '5', '5', 123, 0, '2016-01-01 23:35:42'),
(3098, '13/IEC/028', '28', '---', '22', '50', 'B', 'sobsc', '5', '5', '5', 123, 0, '2016-01-01 23:35:42'),
(3099, '13/IEC/063', '26', '---', '33', '59', 'B', 'sobsc', '5', '5', '5', 123, 0, '2016-01-01 23:35:42'),
(3100, '13/IEC/029', '34', '---', '41', '75', 'A', 'sobsc', '5', '5', '5', 123, 0, '2016-01-01 23:35:42'),
(3101, '12/IEC/019', '0', '---', 'Absent', '0', '', 'sobsc', '5', '5', '5', 123, 0, '2016-01-01 23:35:42'),
(3102, '13/IEC/032', '34', '---', '36', '70', 'A', 'sobsc', '5', '5', '5', 123, 0, '2016-01-01 23:35:42'),
(3103, '12/IEC/039', '0', '---', 'Absent', '0', '', 'sobsc', '5', '5', '5', 123, 0, '2016-01-01 23:35:42'),
(3104, '13/IEC/033', '20', '---', '20', '40', 'C', 'sobsc', '5', '5', '5', 123, 0, '2016-01-01 23:35:42'),
(3105, '', '', '---', '', '0', '', 'sobsc', '5', '5', '5', 123, 0, '2016-01-01 23:35:42'),
(3106, '', '', '---', '', '', '', 'sobsc', '5', '5', '5', 123, 0, '2016-01-01 23:35:42'),
(3107, '', '', '---', '', '', '', 'sobsc', '5', '5', '5', 123, 0, '2016-01-01 23:35:42'),
(3108, '', '', '---', '', '', '', 'sobsc', '5', '5', '5', 123, 0, '2016-01-01 23:35:42'),
(3109, '', '', '---', '', '', '', 'sobsc', '5', '5', '5', 123, 0, '2016-01-01 23:35:42'),
(3110, '', '', '---', '', '', '', 'sobsc', '5', '5', '5', 123, 0, '2016-01-01 23:35:42'),
(3111, 'Signature:', '', '---', '', '', '', 'sobsc', '5', '5', '5', 123, 0, '2016-01-01 23:35:42'),
(3112, '', '', '---', '', '', '', 'sobsc', '5', '5', '5', 123, 0, '2016-01-01 23:35:42'),
(3113, '', '', '---', '', '', '', 'sobsc', '5', '5', '5', 123, 0, '2016-01-01 23:35:42'),
(3114, '', '', '---', '', '', '', 'sobsc', '5', '5', '5', 123, 0, '2016-01-01 23:35:42'),
(3115, 'Date:', '', '---', '', '', '', 'sobsc', '5', '5', '5', 123, 0, '2016-01-01 23:35:42');

/*!40101 SET CHARACTER_SET_CLIENT=@OLD_CHARACTER_SET_CLIENT */;
/*!40101 SET CHARACTER_SET_RESULTS=@OLD_CHARACTER_SET_RESULTS */;
/*!40101 SET COLLATION_CONNECTION=@OLD_COLLATION_CONNECTION */;
